InputGenerationTime,0.02062018308788538
ProfilingTime,17.777040141867474
SimulationTime,5412.21073447587
FramaCExecutionTime,74.76620333688334
TotalExecutionTime,9886.281446833163
