InputGenerationTime,0.02170638699317351
ProfilingTime,18.167047196999192
SimulationTime,591.304760280007
FramaCExecutionTime,73.29194818297401
TotalExecutionTime,71848.13555442402
