InputGenerationTime,0.04121544701047242
ProfilingTime,21.969574610935524
SimulationTime,10280.140447684098
FramaCExecutionTime,62.65450613386929
TotalExecutionTime,741923.4929460291
