InputGenerationTime,0.3229370079934597
ProfilingTime,14.21886504208669
SimulationTime,2032.3581100921147
FramaCExecutionTime,98.88148539885879
TotalExecutionTime,29662.933305907995
