InputGenerationTime,0.03396001807413995
ProfilingTime,14.712139912880957
SimulationTime,402.39028445701115
FramaCExecutionTime,72.2428532531485
TotalExecutionTime,17713.16646401398
