InputGenerationTime,0.02826332999393344
ProfilingTime,14.775809140061028
SimulationTime,367.7312923190184
FramaCExecutionTime,53.42625823803246
TotalExecutionTime,10619.596315401024
