InputGenerationTime,0.02293862495571375
ProfilingTime,12.777251665014774
SimulationTime,575.0746745239012
FramaCExecutionTime,70.69595004594885
TotalExecutionTime,35036.17405097303
