InputGenerationTime,0.0306800160324201
ProfilingTime,15.31863622693345
SimulationTime,371.1498812370701
FramaCExecutionTime,53.57198854407761
TotalExecutionTime,22904.553386450047
