InputGenerationTime,0.03331928001716733
ProfilingTime,13.300697013968602
SimulationTime,1744.716903269058
FramaCExecutionTime,51.08595712692477
TotalExecutionTime,27216.410306942882
