InputGenerationTime,0.13662187196314335
ProfilingTime,14.364573494996876
SimulationTime,1998.7352754860185
FramaCExecutionTime,68.18601442896761
TotalExecutionTime,25813.990324103972
