InputGenerationTime,0.02170638699317351
ProfilingTime,65.0427172021009
SimulationTime,4921.546033366001
FramaCExecutionTime,73.29194818297401
TotalExecutionTime,110350.134647166
