InputGenerationTime,0.03396001807413995
ProfilingTime,15.229941257974133
SimulationTime,406.5123241110705
FramaCExecutionTime,72.2428532531485
TotalExecutionTime,15282.302642448107
