InputGenerationTime,0.05145477596670389
ProfilingTime,17.40114370599622
SimulationTime,299.97020942601375
FramaCExecutionTime,72.40063306299271
TotalExecutionTime,705.9976790570072
