InputGenerationTime,0.13662187196314335
ProfilingTime,13.811185609083623
SimulationTime,1525.7229059101082
FramaCExecutionTime,68.18601442896761
TotalExecutionTime,28895.574857007014
