InputGenerationTime,0.4129942967556417
ProfilingTime,12.999079432804137
SimulationTime,1586.0591830872
FramaCExecutionTime,101.09984872210771
TotalExecutionTime,46466.58462126111
