InputGenerationTime,0.0343282570829615
ProfilingTime,23.97756217594724
SimulationTime,8254.777184365084
FramaCExecutionTime,59.03087134310044
TotalExecutionTime,173379.89964304597
