InputGenerationTime,0.20110055200348143
ProfilingTime,13.672136086999672
SimulationTime,411.0126266119987
FramaCExecutionTime,72.20949230200495
TotalExecutionTime,32875.201541042
