InputGenerationTime,0.04121544701047242
ProfilingTime,21.944920022040606
SimulationTime,10305.983455998125
FramaCExecutionTime,62.65450613386929
TotalExecutionTime,770767.414354592
