InputGenerationTime,0.05145477596670389
ProfilingTime,16.120250601961743
SimulationTime,333.181984912022
FramaCExecutionTime,72.40063306299271
TotalExecutionTime,2219.197288042982
