InputGenerationTime,0.03702901297947392
ProfilingTime,14.53189724299591
SimulationTime,330.068612241972
FramaCExecutionTime,71.29270682900096
TotalExecutionTime,29563.667821084993
