InputGenerationTime,0.03744248510338366
ProfilingTime,13.347211295971647
SimulationTime,1716.8207845170982
FramaCExecutionTime,51.43124194908887
TotalExecutionTime,74936.83618208207
