InputGenerationTime,0.13662187196314335
ProfilingTime,14.041547433938831
SimulationTime,1533.1131782250013
FramaCExecutionTime,68.18601442896761
TotalExecutionTime,18042.22971673915
