InputGenerationTime,0.04822540900204331
ProfilingTime,12.28765079099685
SimulationTime,239.03777113600518
FramaCExecutionTime,68.62747044400021
TotalExecutionTime,2087.4215534760006
