InputGenerationTime,0.03241898992564529
ProfilingTime,16.53704533400014
SimulationTime,368.737873370992
FramaCExecutionTime,52.655185214011
TotalExecutionTime,30171.989833166008
