InputGenerationTime,0.0343282570829615
ProfilingTime,21.725012448965572
SimulationTime,7742.11124340992
FramaCExecutionTime,59.03087134310044
TotalExecutionTime,157558.17126588197
