InputGenerationTime,0.20110055200348143
ProfilingTime,13.469285168997885
SimulationTime,410.802233219998
FramaCExecutionTime,72.20949230200495
TotalExecutionTime,31176.216232617
