InputGenerationTime,0.35287134000100195
ProfilingTime,13.425648289034143
SimulationTime,397.75297997693997
FramaCExecutionTime,64.23335787199903
TotalExecutionTime,2521.0860401859973
