InputGenerationTime,0.03048163499624934
ProfilingTime,13.2625264399976
SimulationTime,275.24524898899836
FramaCExecutionTime,50.17232942400733
TotalExecutionTime,12473.936555893
