InputGenerationTime,0.02826332999393344
ProfilingTime,15.552764741005376
SimulationTime,371.9836934650084
FramaCExecutionTime,53.42625823803246
TotalExecutionTime,17132.139243763057
