InputGenerationTime,0.35287134000100195
ProfilingTime,12.507235281984322
SimulationTime,302.3451830740087
FramaCExecutionTime,64.23335787199903
TotalExecutionTime,1039.454937501927
