InputGenerationTime,0.05050157301593572
ProfilingTime,12.414322391006863
SimulationTime,258.3706220649765
FramaCExecutionTime,70.46303340801387
TotalExecutionTime,8112.326239440008
