InputGenerationTime,0.03744248510338366
ProfilingTime,13.226608261000365
SimulationTime,1725.6117238518782
FramaCExecutionTime,51.43124194908887
TotalExecutionTime,62796.66062888503
