InputGenerationTime,0.02062018308788538
ProfilingTime,60.899351947940886
SimulationTime,3448.7718652649783
FramaCExecutionTime,74.76620333688334
TotalExecutionTime,52280.62492505717
