InputGenerationTime,0.03366867080330849
ProfilingTime,15.315354022663087
SimulationTime,486.0546665592119
FramaCExecutionTime,53.57426840160042
TotalExecutionTime,17046.704882781953
