InputGenerationTime,0.03879245417192578
ProfilingTime,13.290829411707819
SimulationTime,396.8140478380956
FramaCExecutionTime,52.20132521400228
TotalExecutionTime,17294.615536789875
