InputGenerationTime,0.03048163499624934
ProfilingTime,13.500851516990224
SimulationTime,274.83642260900524
FramaCExecutionTime,50.17232942400733
TotalExecutionTime,9017.552753783995
