InputGenerationTime,0.3229370079934597
ProfilingTime,14.532739069778472
SimulationTime,2009.11911281012
FramaCExecutionTime,98.88148539885879
TotalExecutionTime,41665.72721204185
