InputGenerationTime,0.03167619800660759
ProfilingTime,13.259922383003868
SimulationTime,283.85735640300845
FramaCExecutionTime,50.21064497900079
TotalExecutionTime,5138.295692621992
