InputGenerationTime,0.03396001807413995
ProfilingTime,14.497949389042333
SimulationTime,428.8948419999797
FramaCExecutionTime,72.2428532531485
TotalExecutionTime,14105.816053301096
