InputGenerationTime,0.02062018308788538
ProfilingTime,18.475024044979364
SimulationTime,1346.1374409990385
FramaCExecutionTime,74.76620333688334
TotalExecutionTime,2949.2093045001384
