InputGenerationTime,0.20110055200348143
ProfilingTime,12.619552327996644
SimulationTime,279.366828997001
FramaCExecutionTime,72.20949230200495
TotalExecutionTime,30751.755896600996
