InputGenerationTime,0.03331928001716733
ProfilingTime,13.227022761013359
SimulationTime,1744.6398551459424
FramaCExecutionTime,51.08595712692477
TotalExecutionTime,12968.242771853926
