InputGenerationTime,0.03727585298474878
ProfilingTime,14.170499009022024
SimulationTime,368.2178648249828
FramaCExecutionTime,70.72863440299989
TotalExecutionTime,21190.278472631006
