InputGenerationTime,0.4129942967556417
ProfilingTime,13.505462595727295
SimulationTime,1800.3566458271816
FramaCExecutionTime,101.09984872210771
TotalExecutionTime,53206.059177033836
