InputGenerationTime,0.03048163499624934
ProfilingTime,13.200706614996307
SimulationTime,275.71094683099363
FramaCExecutionTime,50.17232942400733
TotalExecutionTime,12185.269987758002
