InputGenerationTime,0.03224507300183177
ProfilingTime,13.486327609047294
SimulationTime,355.8611802259693
FramaCExecutionTime,52.54110222007148
TotalExecutionTime,28265.214829489938
