InputGenerationTime,0.02826332999393344
ProfilingTime,14.741143450024538
SimulationTime,368.2583179079229
FramaCExecutionTime,53.42625823803246
TotalExecutionTime,10236.90238376509
