InputGenerationTime,0.03727585298474878
ProfilingTime,12.575210720999166
SimulationTime,291.25371965099475
FramaCExecutionTime,70.72863440299989
TotalExecutionTime,16339.492050976987
