InputGenerationTime,0.3175034479936585
ProfilingTime,12.96268857002724
SimulationTime,424.27009370701853
FramaCExecutionTime,91.41251835902222
TotalExecutionTime,23147.05058719695
