InputGenerationTime,0.3229370079934597
ProfilingTime,14.369257068959996
SimulationTime,2034.845887272153
FramaCExecutionTime,98.88148539885879
TotalExecutionTime,31712.337933121948
