InputGenerationTime,0.18930521099537145
ProfilingTime,12.712883403997694
SimulationTime,305.858181521995
FramaCExecutionTime,71.4799096650022
TotalExecutionTime,18388.013715957
