InputGenerationTime,0.20110055200348143
ProfilingTime,13.468029099996784
SimulationTime,410.8823633840002
FramaCExecutionTime,72.20949230200495
TotalExecutionTime,33299.75404732
