InputGenerationTime,0.3175034479936585
ProfilingTime,13.95913290802855
SimulationTime,423.616094077006
FramaCExecutionTime,91.41251835902222
TotalExecutionTime,26134.182872668956
