InputGenerationTime,0.0197660019621253
ProfilingTime,13.621333717019297
SimulationTime,268.16519697604235
FramaCExecutionTime,48.88955827394966
TotalExecutionTime,11322.513623300008
