InputGenerationTime,0.20110055200348143
ProfilingTime,13.332081865999498
SimulationTime,391.27970405400265
FramaCExecutionTime,72.20949230200495
TotalExecutionTime,34043.14174814
