InputGenerationTime,0.20110055200348143
ProfilingTime,13.546310186997289
SimulationTime,411.36717932200554
FramaCExecutionTime,72.20949230200495
TotalExecutionTime,27699.085409763997
