InputGenerationTime,0.2001025308854878
ProfilingTime,14.044566842960194
SimulationTime,1405.8991740928032
FramaCExecutionTime,72.35005585709587
TotalExecutionTime,44243.60573412408
