InputGenerationTime,0.04822540900204331
ProfilingTime,12.374198894001893
SimulationTime,238.77192322000337
FramaCExecutionTime,68.62747044400021
TotalExecutionTime,4625.9062697599875
