InputGenerationTime,0.03366867080330849
ProfilingTime,14.74426994798705
SimulationTime,504.82329550758004
FramaCExecutionTime,53.57426840160042
TotalExecutionTime,11978.545883388259
