InputGenerationTime,0.03879245417192578
ProfilingTime,12.781129460781813
SimulationTime,361.46151128411293
FramaCExecutionTime,52.20132521400228
TotalExecutionTime,19286.184060954023
