InputGenerationTime,0.3229370079934597
ProfilingTime,14.099404537118971
SimulationTime,2036.6814416470006
FramaCExecutionTime,98.88148539885879
TotalExecutionTime,12396.627849126933
