InputGenerationTime,0.04121544701047242
ProfilingTime,18.93902796600014
SimulationTime,9121.856930228183
FramaCExecutionTime,62.65450613386929
TotalExecutionTime,760439.1989530971
