InputGenerationTime,0.19351184699917212
ProfilingTime,12.94622036099463
SimulationTime,331.77751606499805
FramaCExecutionTime,72.9316449120015
TotalExecutionTime,10257.894494620996
