InputGenerationTime,0.04822540900204331
ProfilingTime,12.39073157600069
SimulationTime,238.20011746800446
FramaCExecutionTime,68.62747044400021
TotalExecutionTime,570.2888301519997
