InputGenerationTime,0.13662187196314335
ProfilingTime,13.266973381163552
SimulationTime,1212.7041800499428
FramaCExecutionTime,68.18601442896761
TotalExecutionTime,16494.880281015066
