InputGenerationTime,0.03167619800660759
ProfilingTime,12.684085905988468
SimulationTime,279.914280506011
FramaCExecutionTime,50.21064497900079
TotalExecutionTime,6919.407229709002
