InputGenerationTime,0.4129942967556417
ProfilingTime,13.131236331071705
SimulationTime,1566.5063432240859
FramaCExecutionTime,101.09984872210771
TotalExecutionTime,56600.29410193884
