InputGenerationTime,0.03879245417192578
ProfilingTime,13.295351085718721
SimulationTime,379.7036467473954
FramaCExecutionTime,52.20132521400228
TotalExecutionTime,15654.672430733684
