InputGenerationTime,0.03331928001716733
ProfilingTime,13.262444166000932
SimulationTime,1743.7712226379663
FramaCExecutionTime,51.08595712692477
TotalExecutionTime,21939.022816330893
