InputGenerationTime,0.18930521099537145
ProfilingTime,12.685109858997748
SimulationTime,278.93481706299644
FramaCExecutionTime,71.4799096650022
TotalExecutionTime,22100.320885932997
