InputGenerationTime,0.40044495195616037
ProfilingTime,12.73805968707893
SimulationTime,307.3771221159259
FramaCExecutionTime,98.99218700896017
TotalExecutionTime,31661.631142063998
