InputGenerationTime,0.13662187196314335
ProfilingTime,13.931153987068683
SimulationTime,1529.5250616341364
FramaCExecutionTime,68.18601442896761
TotalExecutionTime,23800.686902845046
