InputGenerationTime,0.0197660019621253
ProfilingTime,13.441006902023219
SimulationTime,267.87161453498993
FramaCExecutionTime,48.88955827394966
TotalExecutionTime,14702.105611556093
