InputGenerationTime,0.03744248510338366
ProfilingTime,13.014015444088727
SimulationTime,1830.82952983398
FramaCExecutionTime,51.43124194908887
TotalExecutionTime,43297.89698529686
