InputGenerationTime,0.03366867080330849
ProfilingTime,15.392342624720186
SimulationTime,485.23248188989237
FramaCExecutionTime,53.57426840160042
TotalExecutionTime,22028.134879855905
