InputGenerationTime,0.03241898992564529
ProfilingTime,15.02589638705831
SimulationTime,352.712899931008
FramaCExecutionTime,52.655185214011
TotalExecutionTime,29017.30735179002
