InputGenerationTime,0.03879245417192578
ProfilingTime,13.436037363950163
SimulationTime,397.4091688049957
FramaCExecutionTime,52.20132521400228
TotalExecutionTime,15261.492536647711
