InputGenerationTime,0.03167619800660759
ProfilingTime,13.23952516099962
SimulationTime,284.2919553110114
FramaCExecutionTime,50.21064497900079
TotalExecutionTime,5435.9866736709955
