InputGenerationTime,0.3175034479936585
ProfilingTime,14.102915394003503
SimulationTime,424.6929327559192
FramaCExecutionTime,91.41251835902222
TotalExecutionTime,24369.824862779
