InputGenerationTime,0.02902100095525384
ProfilingTime,12.84884062409401
SimulationTime,370.8854913660325
FramaCExecutionTime,51.85899773600977
TotalExecutionTime,10122.777583340998
