InputGenerationTime,0.20110055200348143
ProfilingTime,13.796170225003152
SimulationTime,411.0384987669968
FramaCExecutionTime,72.20949230200495
TotalExecutionTime,29291.252173969
