InputGenerationTime,0.03702901297947392
ProfilingTime,13.914495402015746
SimulationTime,331.94025973198586
FramaCExecutionTime,71.29270682900096
TotalExecutionTime,29909.682081228006
