InputGenerationTime,0.03331928001716733
ProfilingTime,13.337891842005774
SimulationTime,1818.7277513209265
FramaCExecutionTime,51.08595712692477
TotalExecutionTime,37833.312070977874
