InputGenerationTime,0.04822540900204331
ProfilingTime,12.341224199990393
SimulationTime,247.56563259099494
FramaCExecutionTime,68.62747044400021
TotalExecutionTime,5389.320011678996
