InputGenerationTime,0.03366867080330849
ProfilingTime,15.507227152120322
SimulationTime,487.2856338592246
FramaCExecutionTime,53.57426840160042
TotalExecutionTime,19012.79812188493
