InputGenerationTime,0.03744248510338366
ProfilingTime,12.99647987820208
SimulationTime,1828.9634532821365
FramaCExecutionTime,51.43124194908887
TotalExecutionTime,46986.99786121701
