InputGenerationTime,0.03178182400006335
ProfilingTime,15.77732821599784
SimulationTime,392.1622197589968
FramaCExecutionTime,55.633369332001166
TotalExecutionTime,15538.063457593002
