InputGenerationTime,0.03241898992564529
ProfilingTime,16.246873438940383
SimulationTime,370.7049127719365
FramaCExecutionTime,52.655185214011
TotalExecutionTime,33992.83670090698
