InputGenerationTime,0.2001025308854878
ProfilingTime,13.86906400998123
SimulationTime,1405.3796268149745
FramaCExecutionTime,72.35005585709587
TotalExecutionTime,58184.71941435803
