InputGenerationTime,0.19351184699917212
ProfilingTime,13.052322515002743
SimulationTime,325.7854502359987
FramaCExecutionTime,72.9316449120015
TotalExecutionTime,16356.041252067997
