InputGenerationTime,0.02293862495571375
ProfilingTime,12.989309024065733
SimulationTime,577.9891947919969
FramaCExecutionTime,70.69595004594885
TotalExecutionTime,27088.500059469137
