InputGenerationTime,0.05050157301593572
ProfilingTime,13.066717548004817
SimulationTime,288.74719377901056
FramaCExecutionTime,70.46303340801387
TotalExecutionTime,1602.6119516030012
