InputGenerationTime,0.19351184699917212
ProfilingTime,13.77039369600243
SimulationTime,388.7749899329938
FramaCExecutionTime,72.9316449120015
TotalExecutionTime,13308.838409682998
