InputGenerationTime,0.0197660019621253
ProfilingTime,13.34668112907093
SimulationTime,266.93425807193853
FramaCExecutionTime,48.88955827394966
TotalExecutionTime,12448.54739280499
