InputGenerationTime,0.02062018308788538
ProfilingTime,20.637013193918392
SimulationTime,5177.158914833795
FramaCExecutionTime,74.76620333688334
TotalExecutionTime,69785.97587517905
