InputGenerationTime,0.03224507300183177
ProfilingTime,13.089669878943823
SimulationTime,356.31576223205775
FramaCExecutionTime,52.54110222007148
TotalExecutionTime,31221.097353296936
