InputGenerationTime,0.02170638699317351
ProfilingTime,16.980855908012018
SimulationTime,2119.5188129330054
FramaCExecutionTime,73.29194818297401
TotalExecutionTime,79235.321698713
