InputGenerationTime,0.19351184699917212
ProfilingTime,13.817290986000444
SimulationTime,388.2099073560021
FramaCExecutionTime,72.9316449120015
TotalExecutionTime,12588.363401962997
