InputGenerationTime,0.03331928001716733
ProfilingTime,13.18137625604868
SimulationTime,1932.3445916778874
FramaCExecutionTime,51.08595712692477
TotalExecutionTime,1996.64843711094
