InputGenerationTime,0.35287134000100195
ProfilingTime,12.43627275689505
SimulationTime,302.9216346029425
FramaCExecutionTime,64.23335787199903
TotalExecutionTime,379.9472817319911
