InputGenerationTime,0.1754399259989441
ProfilingTime,12.821835163998912
SimulationTime,302.51240578800207
FramaCExecutionTime,57.4605167180016
TotalExecutionTime,4376.932481128999
