InputGenerationTime,0.1754399259989441
ProfilingTime,13.120114497000031
SimulationTime,311.2568652629998
FramaCExecutionTime,57.4605167180016
TotalExecutionTime,708.2206319459983
