InputGenerationTime,0.02826332999393344
ProfilingTime,15.227192696998827
SimulationTime,370.06153618800454
FramaCExecutionTime,53.42625823803246
TotalExecutionTime,12912.830025459058
