InputGenerationTime,0.03640592400188325
ProfilingTime,15.04014690900658
SimulationTime,297.3857035050023
FramaCExecutionTime,56.20750910700008
TotalExecutionTime,18634.547873634
