InputGenerationTime,0.05145477596670389
ProfilingTime,16.895288573985454
SimulationTime,299.10137619503075
FramaCExecutionTime,72.40063306299271
TotalExecutionTime,388.4518785959808
