InputGenerationTime,0.0197660019621253
ProfilingTime,13.451535193948075
SimulationTime,268.3367981520714
FramaCExecutionTime,48.88955827394966
TotalExecutionTime,11604.46496598504
