InputGenerationTime,0.04121544701047242
ProfilingTime,24.164698336971924
SimulationTime,10286.384448746918
FramaCExecutionTime,62.65450613386929
TotalExecutionTime,721312.472258017
