InputGenerationTime,0.20110055200348143
ProfilingTime,13.756282162998104
SimulationTime,410.6350755270032
FramaCExecutionTime,72.20949230200495
TotalExecutionTime,32025.670395939
