InputGenerationTime,0.03048163499624934
ProfilingTime,12.914501713996287
SimulationTime,283.466908693008
FramaCExecutionTime,50.17232942400733
TotalExecutionTime,7562.765683578997
