InputGenerationTime,0.05050157301593572
ProfilingTime,12.876776449003955
SimulationTime,283.0332867380057
FramaCExecutionTime,70.46303340801387
TotalExecutionTime,4139.913663908985
