InputGenerationTime,0.02902100095525384
ProfilingTime,13.276119816000573
SimulationTime,354.0598601930542
FramaCExecutionTime,51.85899773600977
TotalExecutionTime,14169.129846100928
