InputGenerationTime,0.03048163499624934
ProfilingTime,13.096119540001382
SimulationTime,281.56720219299314
FramaCExecutionTime,50.17232942400733
TotalExecutionTime,9312.375332993004
