InputGenerationTime,0.19351184699917212
ProfilingTime,12.847023458001786
SimulationTime,304.70175748199836
FramaCExecutionTime,72.9316449120015
TotalExecutionTime,12906.102650522
