InputGenerationTime,0.04822540900204331
ProfilingTime,12.546692186995642
SimulationTime,239.4164031759865
FramaCExecutionTime,68.62747044400021
TotalExecutionTime,2591.3067956390005
