InputGenerationTime,0.03178182400006335
ProfilingTime,16.726309933001176
SimulationTime,390.490876048003
FramaCExecutionTime,55.633369332001166
TotalExecutionTime,11983.427350764
