InputGenerationTime,0.03241898992564529
ProfilingTime,15.300204452010803
SimulationTime,362.98480993008707
FramaCExecutionTime,52.655185214011
TotalExecutionTime,35911.019542262075
