InputGenerationTime,0.13662187196314335
ProfilingTime,14.652041882975027
SimulationTime,1526.9791987189092
FramaCExecutionTime,68.18601442896761
TotalExecutionTime,27355.83898099605
