InputGenerationTime,0.05050157301593572
ProfilingTime,12.728290011000354
SimulationTime,285.5178031169926
FramaCExecutionTime,70.46303340801387
TotalExecutionTime,7454.658569863997
