InputGenerationTime,0.03178182400006335
ProfilingTime,15.653072428001906
SimulationTime,393.65020905099664
FramaCExecutionTime,55.633369332001166
TotalExecutionTime,15129.928954814997
