InputGenerationTime,0.03879245417192578
ProfilingTime,13.077567757107317
SimulationTime,453.0013244347647
FramaCExecutionTime,52.20132521400228
TotalExecutionTime,11083.895056350622
