InputGenerationTime,0.04822540900204331
ProfilingTime,12.302373483995325
SimulationTime,239.5693460659968
FramaCExecutionTime,68.62747044400021
TotalExecutionTime,5641.347802050994
