InputGenerationTime,0.3175034479936585
ProfilingTime,19.625704166013747
SimulationTime,429.87836814299226
FramaCExecutionTime,91.41251835902222
TotalExecutionTime,25258.22038414399
