InputGenerationTime,0.3229370079934597
ProfilingTime,13.429909226018935
SimulationTime,1757.3543458259664
FramaCExecutionTime,98.88148539885879
TotalExecutionTime,8299.088314623805
