InputGenerationTime,0.03048163499624934
ProfilingTime,13.242661538009997
SimulationTime,277.0712662869919
FramaCExecutionTime,50.17232942400733
TotalExecutionTime,13052.415380940001
