InputGenerationTime,0.03640592400188325
ProfilingTime,15.30709668200143
SimulationTime,341.3448476929989
FramaCExecutionTime,56.20750910700008
TotalExecutionTime,23783.015677069
