InputGenerationTime,0.0197660019621253
ProfilingTime,13.508604725007899
SimulationTime,268.305415594019
FramaCExecutionTime,48.88955827394966
TotalExecutionTime,10461.989502665005
