InputGenerationTime,0.0343282570829615
ProfilingTime,21.526109713013284
SimulationTime,7715.301169881015
FramaCExecutionTime,59.03087134310044
TotalExecutionTime,85531.62641462497
