InputGenerationTime,0.19351184699917212
ProfilingTime,13.352570701004879
SimulationTime,364.6848264680011
FramaCExecutionTime,72.9316449120015
TotalExecutionTime,16734.261527081995
