InputGenerationTime,0.03744248510338366
ProfilingTime,13.332760680001229
SimulationTime,1725.2284084318671
FramaCExecutionTime,51.43124194908887
TotalExecutionTime,61057.62703454704
