InputGenerationTime,0.3175034479936585
ProfilingTime,12.922704027965665
SimulationTime,408.1756163049722
FramaCExecutionTime,91.41251835902222
TotalExecutionTime,18890.063146222965
