InputGenerationTime,0.02293862495571375
ProfilingTime,12.876428135903552
SimulationTime,577.3177192180883
FramaCExecutionTime,70.69595004594885
TotalExecutionTime,24961.01443227916
