InputGenerationTime,0.03167619800660759
ProfilingTime,12.87272467200819
SimulationTime,293.4091907129914
FramaCExecutionTime,50.21064497900079
TotalExecutionTime,356.53463582499535
