InputGenerationTime,0.03744248510338366
ProfilingTime,13.142408686922863
SimulationTime,1787.1771556208842
FramaCExecutionTime,51.43124194908887
TotalExecutionTime,48787.51665238105
