InputGenerationTime,0.0343282570829615
ProfilingTime,19.793113449937664
SimulationTime,7684.176096149022
FramaCExecutionTime,59.03087134310044
TotalExecutionTime,23178.047866018955
