InputGenerationTime,0.03178182400006335
ProfilingTime,15.784122976001527
SimulationTime,392.9412929109967
FramaCExecutionTime,55.633369332001166
TotalExecutionTime,15946.957902599002
