InputGenerationTime,0.03178182400006335
ProfilingTime,15.601990805997048
SimulationTime,392.29427102000045
FramaCExecutionTime,55.633369332001166
TotalExecutionTime,17163.129290411
