InputGenerationTime,0.03224507300183177
ProfilingTime,12.834534495021217
SimulationTime,373.2335909990361
FramaCExecutionTime,52.54110222007148
TotalExecutionTime,26773.189814693993
