InputGenerationTime,0.18930521099537145
ProfilingTime,13.608669011999154
SimulationTime,393.73625160800293
FramaCExecutionTime,71.4799096650022
TotalExecutionTime,23322.645860489
