InputGenerationTime,0.03331928001716733
ProfilingTime,13.297332072863355
SimulationTime,1926.567553943023
FramaCExecutionTime,51.08595712692477
TotalExecutionTime,14908.298807088984
