InputGenerationTime,0.02902100095525384
ProfilingTime,13.829382624011487
SimulationTime,341.20684738003183
FramaCExecutionTime,51.85899773600977
TotalExecutionTime,13801.616947360919
