InputGenerationTime,0.40044495195616037
ProfilingTime,12.492110050981864
SimulationTime,307.4972741419915
FramaCExecutionTime,98.99218700896017
TotalExecutionTime,28341.787127092015
