InputGenerationTime,0.03702901297947392
ProfilingTime,13.3868018569774
SimulationTime,276.3010959730018
FramaCExecutionTime,71.29270682900096
TotalExecutionTime,25586.263854154997
