InputGenerationTime,0.4129942967556417
ProfilingTime,13.666902340948582
SimulationTime,1800.585714386776
FramaCExecutionTime,101.09984872210771
TotalExecutionTime,60227.09031992708
