InputGenerationTime,0.0343282570829615
ProfilingTime,21.683240054058842
SimulationTime,7702.377617715043
FramaCExecutionTime,59.03087134310044
TotalExecutionTime,46276.332865681965
