InputGenerationTime,0.0197660019621253
ProfilingTime,13.481407444109209
SimulationTime,267.7899625089485
FramaCExecutionTime,48.88955827394966
TotalExecutionTime,14138.137215477997
