InputGenerationTime,0.04121544701047242
ProfilingTime,17.388628606917337
SimulationTime,9153.439797559055
FramaCExecutionTime,62.65450613386929
TotalExecutionTime,779938.5196317959
