InputGenerationTime,0.03396001807413995
ProfilingTime,13.718577336985618
SimulationTime,323.0435131720733
FramaCExecutionTime,72.2428532531485
TotalExecutionTime,14442.751640957082
