InputGenerationTime,0.03241898992564529
ProfilingTime,15.49898434896022
SimulationTime,368.47653567197267
FramaCExecutionTime,52.655185214011
TotalExecutionTime,29401.464805533993
