InputGenerationTime,0.4129942967556417
ProfilingTime,13.22338978620246
SimulationTime,1669.6059162528254
FramaCExecutionTime,101.09984872210771
TotalExecutionTime,67145.43835759792
