InputGenerationTime,0.2931191989919171
ProfilingTime,13.418273599003442
SimulationTime,448.37580790696666
FramaCExecutionTime,85.73839048703667
TotalExecutionTime,13040.69078901899
