InputGenerationTime,0.03727585298474878
ProfilingTime,12.799042033002479
SimulationTime,290.0005184930051
FramaCExecutionTime,70.72863440299989
TotalExecutionTime,23409.787432504003
