InputGenerationTime,0.03702901297947392
ProfilingTime,14.420399365015328
SimulationTime,329.91844037000556
FramaCExecutionTime,71.29270682900096
TotalExecutionTime,25930.759963955992
