InputGenerationTime,0.1754399259989441
ProfilingTime,13.913733745001082
SimulationTime,396.7866028739991
FramaCExecutionTime,57.4605167180016
TotalExecutionTime,2515.8328666039997
