InputGenerationTime,0.0306800160324201
ProfilingTime,14.805645263986662
SimulationTime,369.5055036220001
FramaCExecutionTime,53.57198854407761
TotalExecutionTime,19057.610003882088
