InputGenerationTime,0.3229370079934597
ProfilingTime,13.38824705616571
SimulationTime,1583.7287013139576
FramaCExecutionTime,98.88148539885879
TotalExecutionTime,6528.120112859877
