InputGenerationTime,0.04121544701047242
ProfilingTime,19.980182801838964
SimulationTime,9361.049171617022
FramaCExecutionTime,62.65450613386929
TotalExecutionTime,605085.7635299609
