InputGenerationTime,0.0343282570829615
ProfilingTime,21.560961805051193
SimulationTime,7716.532433077111
FramaCExecutionTime,59.03087134310044
TotalExecutionTime,100956.72546226694
