InputGenerationTime,0.05145477596670389
ProfilingTime,16.59908081201138
SimulationTime,675.2549228729913
FramaCExecutionTime,72.40063306299271
TotalExecutionTime,5744.575109152996
