InputGenerationTime,0.0306800160324201
ProfilingTime,15.87604047707282
SimulationTime,371.8307061700616
FramaCExecutionTime,53.57198854407761
TotalExecutionTime,22517.910008398
