InputGenerationTime,0.02062018308788538
ProfilingTime,16.67755945608951
SimulationTime,1578.1981855959166
FramaCExecutionTime,74.76620333688334
TotalExecutionTime,11481.448102335213
