InputGenerationTime,0.03224507300183177
ProfilingTime,13.100854282965884
SimulationTime,355.4532823070185
FramaCExecutionTime,52.54110222007148
TotalExecutionTime,29761.530249373987
