InputGenerationTime,0.03702901297947392
ProfilingTime,14.059200243005762
SimulationTime,329.93226097300067
FramaCExecutionTime,71.29270682900096
TotalExecutionTime,27606.84839374901
