InputGenerationTime,0.05145477596670389
ProfilingTime,16.502311507007107
SimulationTime,670.5460874580313
FramaCExecutionTime,72.40063306299271
TotalExecutionTime,6431.811145046027
