InputGenerationTime,0.18930521099537145
ProfilingTime,13.464298181999766
SimulationTime,393.926925122003
FramaCExecutionTime,71.4799096650022
TotalExecutionTime,21808.510936957
