InputGenerationTime,0.04822540900204331
ProfilingTime,12.221112605009694
SimulationTime,242.786461058
FramaCExecutionTime,68.62747044400021
TotalExecutionTime,5896.515769788995
