InputGenerationTime,0.03879245417192578
ProfilingTime,13.195573120843619
SimulationTime,376.4098907718435
FramaCExecutionTime,52.20132521400228
TotalExecutionTime,18506.604373218957
