InputGenerationTime,0.18930521099537145
ProfilingTime,12.8225174209947
SimulationTime,301.843542401999
FramaCExecutionTime,71.4799096650022
TotalExecutionTime,19861.539060188
