InputGenerationTime,0.02826332999393344
ProfilingTime,15.32240952202119
SimulationTime,377.5327411550097
FramaCExecutionTime,53.42625823803246
TotalExecutionTime,14463.673165354063
