InputGenerationTime,0.18930521099537145
ProfilingTime,12.82576615599828
SimulationTime,302.1714760449977
FramaCExecutionTime,71.4799096650022
TotalExecutionTime,21400.938363269997
