InputGenerationTime,0.1754399259989441
ProfilingTime,12.823925518001488
SimulationTime,302.6922309770016
FramaCExecutionTime,57.4605167180016
TotalExecutionTime,2831.5248335279975
