InputGenerationTime,0.03702901297947392
ProfilingTime,12.684715668001445
SimulationTime,278.87552123799105
FramaCExecutionTime,71.29270682900096
TotalExecutionTime,25005.006842739007
