InputGenerationTime,0.05050157301593572
ProfilingTime,14.178799910005182
SimulationTime,371.93565815800685
FramaCExecutionTime,70.46303340801387
TotalExecutionTime,3458.977557336999
