InputGenerationTime,0.03178182400006335
ProfilingTime,15.386842203995911
SimulationTime,383.98583188700286
FramaCExecutionTime,55.633369332001166
TotalExecutionTime,16346.498540870001
