InputGenerationTime,0.03167619800660759
ProfilingTime,12.989147908010636
SimulationTime,283.5973568319896
FramaCExecutionTime,50.21064497900079
TotalExecutionTime,1865.2894947899913
