InputGenerationTime,0.2001025308854878
ProfilingTime,12.994916286086664
SimulationTime,1162.6811486368533
FramaCExecutionTime,72.35005585709587
TotalExecutionTime,33880.36512715602
