InputGenerationTime,0.18930521099537145
ProfilingTime,12.885004381001636
SimulationTime,329.71111544099404
FramaCExecutionTime,71.4799096650022
TotalExecutionTime,18730.812386354002
