InputGenerationTime,0.04822540900204331
ProfilingTime,12.282763750001322
SimulationTime,239.7751230069989
FramaCExecutionTime,68.62747044400021
TotalExecutionTime,1583.763328713001
