InputGenerationTime,0.03048163499624934
ProfilingTime,13.223736158994143
SimulationTime,274.3632019159995
FramaCExecutionTime,50.17232942400733
TotalExecutionTime,10744.542415914999
