InputGenerationTime,0.05050157301593572
ProfilingTime,14.53674352899543
SimulationTime,376.91847452402
FramaCExecutionTime,70.46303340801387
TotalExecutionTime,5605.373508963006
