InputGenerationTime,0.3175034479936585
ProfilingTime,12.534365997067653
SimulationTime,307.8999199230457
FramaCExecutionTime,91.41251835902222
TotalExecutionTime,19210.687290864997
