InputGenerationTime,0.20110055200348143
ProfilingTime,12.211905731994193
SimulationTime,278.6440829589992
FramaCExecutionTime,72.20949230200495
TotalExecutionTime,34334.184967163
