InputGenerationTime,0.03331928001716733
ProfilingTime,13.229257785947993
SimulationTime,1746.8719052779488
FramaCExecutionTime,51.08595712692477
TotalExecutionTime,18423.292490115855
