InputGenerationTime,0.0343282570829615
ProfilingTime,26.018509952002205
SimulationTime,8357.90681058797
FramaCExecutionTime,59.03087134310044
TotalExecutionTime,54660.511680127005
