InputGenerationTime,0.35287134000100195
ProfilingTime,12.883908875053748
SimulationTime,325.15460062993225
FramaCExecutionTime,64.23335787199903
TotalExecutionTime,5122.203162385966
