InputGenerationTime,0.03331928001716733
ProfilingTime,13.322474140906706
SimulationTime,1746.9972164540086
FramaCExecutionTime,51.08595712692477
TotalExecutionTime,25458.195883844048
