InputGenerationTime,0.3175034479936585
ProfilingTime,13.049855392077006
SimulationTime,424.53358729195315
FramaCExecutionTime,91.41251835902222
TotalExecutionTime,22389.79527688201
