InputGenerationTime,0.02170638699317351
ProfilingTime,16.704167987045366
SimulationTime,2130.430509458005
FramaCExecutionTime,73.29194818297401
TotalExecutionTime,77098.60889578902
