InputGenerationTime,0.02902100095525384
ProfilingTime,13.561277608969249
SimulationTime,354.26552269991953
FramaCExecutionTime,51.85899773600977
TotalExecutionTime,13078.921518915915
