InputGenerationTime,0.05050157301593572
ProfilingTime,14.888025094987825
SimulationTime,372.526480119006
FramaCExecutionTime,70.46303340801387
TotalExecutionTime,5992.951775780995
