InputGenerationTime,0.03702901297947392
ProfilingTime,12.722427586006233
SimulationTime,278.5402236660011
FramaCExecutionTime,71.29270682900096
TotalExecutionTime,25296.421859506983
