InputGenerationTime,0.03178182400006335
ProfilingTime,15.531220859000314
SimulationTime,359.74543569300295
FramaCExecutionTime,55.633369332001166
TotalExecutionTime,13935.743635601
