InputGenerationTime,0.03331928001716733
ProfilingTime,13.040048768976703
SimulationTime,1931.3721068580635
FramaCExecutionTime,51.08595712692477
TotalExecutionTime,3941.258469908964
