InputGenerationTime,0.03048163499624934
ProfilingTime,13.064996244997019
SimulationTime,273.72504618599487
FramaCExecutionTime,50.17232942400733
TotalExecutionTime,10175.133664184003
