InputGenerationTime,0.18930521099537145
ProfilingTime,13.018971022000187
SimulationTime,323.1937260409977
FramaCExecutionTime,71.4799096650022
TotalExecutionTime,24880.805018804
