InputGenerationTime,0.03396001807413995
ProfilingTime,13.240531668066978
SimulationTime,297.158197354991
FramaCExecutionTime,72.2428532531485
TotalExecutionTime,18023.738926937105
