InputGenerationTime,0.02902100095525384
ProfilingTime,12.84374962199945
SimulationTime,372.93405408004764
FramaCExecutionTime,51.85899773600977
TotalExecutionTime,9353.720418885001
