InputGenerationTime,0.0343282570829615
ProfilingTime,20.585621992009692
SimulationTime,7521.867128329002
FramaCExecutionTime,59.03087134310044
TotalExecutionTime,165100.888862208
