InputGenerationTime,0.03396001807413995
ProfilingTime,12.776474168058485
SimulationTime,365.40832589077763
FramaCExecutionTime,72.2428532531485
TotalExecutionTime,9274.111246277113
