InputGenerationTime,0.02170638699317351
ProfilingTime,20.5767819120083
SimulationTime,4799.948588663945
FramaCExecutionTime,73.29194818297401
TotalExecutionTime,100528.59317328199
