InputGenerationTime,0.03048163499624934
ProfilingTime,12.678800127992872
SimulationTime,274.6361585479899
FramaCExecutionTime,50.17232942400733
TotalExecutionTime,13628.427263831996
