InputGenerationTime,0.19351184699917212
ProfilingTime,12.954785748996073
SimulationTime,305.2723036710013
FramaCExecutionTime,72.9316449120015
TotalExecutionTime,9912.982301028998
