InputGenerationTime,0.2001025308854878
ProfilingTime,13.037313158158213
SimulationTime,1159.8920477989595
FramaCExecutionTime,72.35005585709587
TotalExecutionTime,35053.49074847996
