InputGenerationTime,0.2931191989919171
ProfilingTime,13.653937679016963
SimulationTime,449.19921106507536
FramaCExecutionTime,85.73839048703667
TotalExecutionTime,15080.42021963792
