InputGenerationTime,0.3229370079934597
ProfilingTime,13.579078000970185
SimulationTime,1759.9157837568782
FramaCExecutionTime,98.88148539885879
TotalExecutionTime,39641.89205961279
