InputGenerationTime,0.18930521099537145
ProfilingTime,13.528387525999278
SimulationTime,393.57441183800256
FramaCExecutionTime,71.4799096650022
TotalExecutionTime,24544.388568741997
