InputGenerationTime,0.03178182400006335
ProfilingTime,15.612469063999015
SimulationTime,391.1814619789948
FramaCExecutionTime,55.633369332001166
TotalExecutionTime,17952.877865495
