InputGenerationTime,0.13662187196314335
ProfilingTime,14.217597489943728
SimulationTime,1529.9408574230038
FramaCExecutionTime,68.18601442896761
TotalExecutionTime,13721.816891698167
