InputGenerationTime,0.03640592400188325
ProfilingTime,15.660427542003163
SimulationTime,344.27356023299944
FramaCExecutionTime,56.20750910700008
TotalExecutionTime,24877.922791311998
