InputGenerationTime,0.02902100095525384
ProfilingTime,13.114397411001846
SimulationTime,352.5303668670822
FramaCExecutionTime,51.85899773600977
TotalExecutionTime,10488.591003528913
