InputGenerationTime,0.03727585298474878
ProfilingTime,14.420964604010805
SimulationTime,372.07361661701
FramaCExecutionTime,70.72863440299989
TotalExecutionTime,21576.928901148
