InputGenerationTime,0.03366867080330849
ProfilingTime,14.056963618844748
SimulationTime,430.6787611269392
FramaCExecutionTime,53.57426840160042
TotalExecutionTime,22956.289523882326
