InputGenerationTime,0.02170638699317351
ProfilingTime,19.884870539070107
SimulationTime,4822.540853386978
FramaCExecutionTime,73.29194818297401
TotalExecutionTime,95707.83157809102
