InputGenerationTime,0.1754399259989441
ProfilingTime,13.6560981549992
SimulationTime,396.0443783610026
FramaCExecutionTime,57.4605167180016
TotalExecutionTime,7122.737015111998
