InputGenerationTime,0.03640592400188325
ProfilingTime,15.278154917003121
SimulationTime,297.6342176390026
FramaCExecutionTime,56.20750910700008
TotalExecutionTime,19663.509534639998
