InputGenerationTime,0.18930521099537145
ProfilingTime,13.417641080995963
SimulationTime,394.50256221999734
FramaCExecutionTime,71.4799096650022
TotalExecutionTime,21085.755509199
