InputGenerationTime,0.04121544701047242
ProfilingTime,18.334842048818246
SimulationTime,9388.960933301132
FramaCExecutionTime,62.65450613386929
TotalExecutionTime,567652.22145597
