InputGenerationTime,0.0197660019621253
ProfilingTime,13.004884624970146
SimulationTime,282.27367057604715
FramaCExecutionTime,48.88955827394966
TotalExecutionTime,9022.318222613074
