InputGenerationTime,0.03331928001716733
ProfilingTime,13.34604629711248
SimulationTime,1742.2656290531158
FramaCExecutionTime,51.08595712692477
TotalExecutionTime,34241.64221760305
