InputGenerationTime,0.02902100095525384
ProfilingTime,13.322255486040376
SimulationTime,354.46505816606805
FramaCExecutionTime,51.85899773600977
TotalExecutionTime,11222.391651470913
