InputGenerationTime,0.02826332999393344
ProfilingTime,16.11174059100449
SimulationTime,371.7251216879813
FramaCExecutionTime,53.42625823803246
TotalExecutionTime,16357.192834688001
