InputGenerationTime,0.02170638699317351
ProfilingTime,16.63954071002081
SimulationTime,2123.6872211239533
FramaCExecutionTime,73.29194818297401
TotalExecutionTime,87199.80267115706
