InputGenerationTime,0.03366867080330849
ProfilingTime,15.097405143082142
SimulationTime,504.66659018816426
FramaCExecutionTime,53.57426840160042
TotalExecutionTime,13016.921486265957
