InputGenerationTime,0.05145477596670389
ProfilingTime,18.21797835995676
SimulationTime,810.9646876219776
FramaCExecutionTime,72.40063306299271
TotalExecutionTime,12979.050336336019
