InputGenerationTime,0.03640592400188325
ProfilingTime,15.744590222006082
SimulationTime,310.68252808500256
FramaCExecutionTime,56.20750910700008
TotalExecutionTime,23068.036350515
