InputGenerationTime,0.3175034479936585
ProfilingTime,13.528593914001249
SimulationTime,424.36465918598697
FramaCExecutionTime,91.41251835902222
TotalExecutionTime,20761.048729212023
