InputGenerationTime,0.03224507300183177
ProfilingTime,13.603644788032398
SimulationTime,374.9098834890174
FramaCExecutionTime,52.54110222007148
TotalExecutionTime,26386.95406098396
