InputGenerationTime,0.04121544701047242
ProfilingTime,21.904937748098746
SimulationTime,10286.43291075388
FramaCExecutionTime,62.65450613386929
TotalExecutionTime,731621.09597453
