InputGenerationTime,0.03727585298474878
ProfilingTime,14.912747281981865
SimulationTime,369.73749805102125
FramaCExecutionTime,70.72863440299989
TotalExecutionTime,18335.340921405994
