InputGenerationTime,0.3175034479936585
ProfilingTime,14.133296062005684
SimulationTime,424.41096508002374
FramaCExecutionTime,91.41251835902222
TotalExecutionTime,24808.544329089927
