InputGenerationTime,0.03224507300183177
ProfilingTime,12.988059454946779
SimulationTime,370.46628353802953
FramaCExecutionTime,52.54110222007148
TotalExecutionTime,27156.81373427401
