InputGenerationTime,0.03702901297947392
ProfilingTime,14.911159469018457
SimulationTime,329.9619204949995
FramaCExecutionTime,71.29270682900096
TotalExecutionTime,26275.78914725498
