InputGenerationTime,0.03396001807413995
ProfilingTime,14.741569961188361
SimulationTime,403.7062606799882
FramaCExecutionTime,72.2428532531485
TotalExecutionTime,16543.842552453978
