InputGenerationTime,0.1754399259989441
ProfilingTime,12.528355187998386
SimulationTime,275.36253570699773
FramaCExecutionTime,57.4605167180016
TotalExecutionTime,5074.720881317
