InputGenerationTime,0.03744248510338366
ProfilingTime,13.21282100607641
SimulationTime,1718.4852558379062
FramaCExecutionTime,51.43124194908887
TotalExecutionTime,69735.95147640794
