InputGenerationTime,0.05145477596670389
ProfilingTime,16.838184973981697
SimulationTime,675.5325086929952
FramaCExecutionTime,72.40063306299271
TotalExecutionTime,3601.9023735580267
