InputGenerationTime,0.1754399259989441
ProfilingTime,12.911933210001735
SimulationTime,332.11894794300315
FramaCExecutionTime,57.4605167180016
TotalExecutionTime,1695.0653046439984
