InputGenerationTime,0.40044495195616037
ProfilingTime,13.487295120023191
SimulationTime,388.21127804601565
FramaCExecutionTime,98.99218700896017
TotalExecutionTime,29417.01819907897
