InputGenerationTime,0.03167619800660759
ProfilingTime,13.231354104005732
SimulationTime,284.3725903369923
FramaCExecutionTime,50.21064497900079
TotalExecutionTime,4245.165929890994
