InputGenerationTime,0.03178182400006335
ProfilingTime,15.088502973001596
SimulationTime,354.15688660700107
FramaCExecutionTime,55.633369332001166
TotalExecutionTime,12352.836643416998
