InputGenerationTime,0.2931191989919171
ProfilingTime,12.824271140038036
SimulationTime,324.1604346219683
FramaCExecutionTime,85.73839048703667
TotalExecutionTime,14155.148671941948
