InputGenerationTime,0.02826332999393344
ProfilingTime,15.397232297924347
SimulationTime,356.80232355499174
FramaCExecutionTime,53.42625823803246
TotalExecutionTime,18276.286957548
