InputGenerationTime,0.35287134000100195
ProfilingTime,12.38802971295081
SimulationTime,282.31633321300615
FramaCExecutionTime,64.23335787199903
TotalExecutionTime,8645.646401596954
