InputGenerationTime,0.03702901297947392
ProfilingTime,12.491941827000119
SimulationTime,256.6656598910049
FramaCExecutionTime,71.29270682900096
TotalExecutionTime,31505.585916445998
