InputGenerationTime,0.05145477596670389
ProfilingTime,16.757977653993294
SimulationTime,687.9777762450394
FramaCExecutionTime,72.40063306299271
TotalExecutionTime,8499.654097268998
