InputGenerationTime,0.1754399259989441
ProfilingTime,12.573912534000556
SimulationTime,313.4550562660006
FramaCExecutionTime,57.4605167180016
TotalExecutionTime,383.66804245899766
