InputGenerationTime,0.05145477596670389
ProfilingTime,16.6582992959884
SimulationTime,673.325709257042
FramaCExecutionTime,72.40063306299271
TotalExecutionTime,2909.3505630180007
