InputGenerationTime,0.02826332999393344
ProfilingTime,16.02770827698987
SimulationTime,370.080924496986
FramaCExecutionTime,53.42625823803246
TotalExecutionTime,15969.179974253057
