InputGenerationTime,0.03178182400006335
ProfilingTime,15.736947990000772
SimulationTime,358.9500834790015
FramaCExecutionTime,55.633369332001166
TotalExecutionTime,10783.485001129
