InputGenerationTime,0.05145477596670389
ProfilingTime,15.697374840965495
SimulationTime,737.7253820300102
FramaCExecutionTime,72.40063306299271
TotalExecutionTime,14423.150182768994
