InputGenerationTime,0.02826332999393344
ProfilingTime,15.58374168490991
SimulationTime,371.96721236698795
FramaCExecutionTime,53.42625823803246
TotalExecutionTime,17519.87267868605
