InputGenerationTime,0.35287134000100195
ProfilingTime,13.258656614925712
SimulationTime,396.62650946411304
FramaCExecutionTime,64.23335787199903
TotalExecutionTime,4783.993919942994
