InputGenerationTime,0.05145477596670389
ProfilingTime,15.824422149045859
SimulationTime,320.63831677503185
FramaCExecutionTime,72.40063306299271
TotalExecutionTime,7794.745379425003
