InputGenerationTime,0.4129942967556417
ProfilingTime,19.033104918897152
SimulationTime,1808.510614958126
FramaCExecutionTime,101.09984872210771
TotalExecutionTime,74417.86735199369
