InputGenerationTime,0.03366867080330849
ProfilingTime,16.045264452230185
SimulationTime,484.163743800018
FramaCExecutionTime,53.57426840160042
TotalExecutionTime,19513.194295404945
