InputGenerationTime,0.02293862495571375
ProfilingTime,12.72448652307503
SimulationTime,819.8773890598677
FramaCExecutionTime,70.69595004594885
TotalExecutionTime,23781.681366710225
