InputGenerationTime,0.4129942967556417
ProfilingTime,13.652282292954624
SimulationTime,1802.812137529254
FramaCExecutionTime,101.09984872210771
TotalExecutionTime,65462.40940506593
