InputGenerationTime,0.05050157301593572
ProfilingTime,12.639487116015516
SimulationTime,297.99089205800556
FramaCExecutionTime,70.46303340801387
TotalExecutionTime,2686.349199777993
