InputGenerationTime,0.0306800160324201
ProfilingTime,15.909495798987336
SimulationTime,369.67986576107796
FramaCExecutionTime,53.57198854407761
TotalExecutionTime,24795.384318736033
