InputGenerationTime,0.02170638699317351
ProfilingTime,19.72834991395939
SimulationTime,4698.524849993992
FramaCExecutionTime,73.29194818297401
TotalExecutionTime,126394.12405814102
