InputGenerationTime,0.0197660019621253
ProfilingTime,13.34454962797463
SimulationTime,268.1785297089955
FramaCExecutionTime,48.88955827394966
TotalExecutionTime,12730.233015582082
