InputGenerationTime,0.03640592400188325
ProfilingTime,15.98874244200124
SimulationTime,342.55378847900283
FramaCExecutionTime,56.20750910700008
TotalExecutionTime,25921.109787798
