InputGenerationTime,0.02062018308788538
ProfilingTime,17.31875211489387
SimulationTime,3233.800375501858
FramaCExecutionTime,74.76620333688334
TotalExecutionTime,17983.00042286818
