InputGenerationTime,0.03640592400188325
ProfilingTime,15.476449984998908
SimulationTime,342.53114685699984
FramaCExecutionTime,56.20750910700008
TotalExecutionTime,23426.198214471
