InputGenerationTime,0.1754399259989441
ProfilingTime,14.07345290000012
SimulationTime,395.3728724049979
FramaCExecutionTime,57.4605167180016
TotalExecutionTime,3651.5498049069975
