InputGenerationTime,0.03241898992564529
ProfilingTime,16.27738830400631
SimulationTime,368.0286187879974
FramaCExecutionTime,52.655185214011
TotalExecutionTime,33605.69973106298
