InputGenerationTime,0.02826332999393344
ProfilingTime,14.932904565008357
SimulationTime,330.1468026089715
FramaCExecutionTime,53.42625823803246
TotalExecutionTime,15196.237621739041
