InputGenerationTime,0.2931191989919171
ProfilingTime,13.417797383968718
SimulationTime,449.5768573649693
FramaCExecutionTime,85.73839048703667
TotalExecutionTime,17758.85516347899
