InputGenerationTime,0.02293862495571375
ProfilingTime,12.533940260997042
SimulationTime,905.2743764240295
FramaCExecutionTime,70.69595004594885
TotalExecutionTime,22948.91372436215
