InputGenerationTime,0.03879245417192578
ProfilingTime,13.376705909147859
SimulationTime,394.77422848623246
FramaCExecutionTime,52.20132521400228
TotalExecutionTime,16473.423394397832
