InputGenerationTime,0.04822540900204331
ProfilingTime,12.417901207998511
SimulationTime,253.23270497200429
FramaCExecutionTime,68.62747044400021
TotalExecutionTime,3617.9071107599884
