InputGenerationTime,0.1754399259989441
ProfilingTime,13.852579940001306
SimulationTime,394.88363685299555
FramaCExecutionTime,57.4605167180016
TotalExecutionTime,6303.619548782997
