InputGenerationTime,0.04121544701047242
ProfilingTime,18.566991111962125
SimulationTime,9288.395538937999
FramaCExecutionTime,62.65450613386929
TotalExecutionTime,595704.4346844101
