InputGenerationTime,0.18930521099537145
ProfilingTime,13.883269640995422
SimulationTime,393.6261220640008
FramaCExecutionTime,71.4799096650022
TotalExecutionTime,22915.112411928
