InputGenerationTime,0.03178182400006335
ProfilingTime,16.000002230000973
SimulationTime,369.63607755499834
FramaCExecutionTime,55.633369332001166
TotalExecutionTime,11169.308508253001
