InputGenerationTime,0.40044495195616037
ProfilingTime,12.516806133906357
SimulationTime,316.2810432659462
FramaCExecutionTime,98.99218700896017
TotalExecutionTime,28670.757792523946
