InputGenerationTime,0.2931191989919171
ProfilingTime,13.36026268999558
SimulationTime,448.70910635904875
FramaCExecutionTime,85.73839048703667
TotalExecutionTime,14617.389880480943
