InputGenerationTime,0.02170638699317351
ProfilingTime,16.77585104800528
SimulationTime,577.240181755973
FramaCExecutionTime,73.29194818297401
TotalExecutionTime,72442.34108235099
