InputGenerationTime,0.1754399259989441
ProfilingTime,12.731425898000452
SimulationTime,305.13424471100006
FramaCExecutionTime,57.4605167180016
TotalExecutionTime,1349.852714425997
