InputGenerationTime,0.03879245417192578
ProfilingTime,13.16549171321094
SimulationTime,397.68599161691964
FramaCExecutionTime,52.20132521400228
TotalExecutionTime,14850.476479872596
