InputGenerationTime,0.02902100095525384
ProfilingTime,12.835402006981894
SimulationTime,373.6324710260378
FramaCExecutionTime,51.85899773600977
TotalExecutionTime,8967.77160578093
