InputGenerationTime,0.02902100095525384
ProfilingTime,13.095367315923795
SimulationTime,373.9489659869578
FramaCExecutionTime,51.85899773600977
TotalExecutionTime,11609.616558583919
