InputGenerationTime,0.03048163499624934
ProfilingTime,13.168163305002963
SimulationTime,274.47386939400167
FramaCExecutionTime,50.17232942400733
TotalExecutionTime,11896.203796803005
