InputGenerationTime,0.40044495195616037
ProfilingTime,13.143826626008376
SimulationTime,388.1187182490248
FramaCExecutionTime,98.99218700896017
TotalExecutionTime,31341.337424776983
