InputGenerationTime,0.03702901297947392
ProfilingTime,12.682936192984926
SimulationTime,278.2004074419965
FramaCExecutionTime,71.29270682900096
TotalExecutionTime,24713.290652083
