InputGenerationTime,0.03396001807413995
ProfilingTime,14.550679364008829
SimulationTime,409.7711049139034
FramaCExecutionTime,72.2428532531485
TotalExecutionTime,16125.211943130009
