InputGenerationTime,0.02902100095525384
ProfilingTime,13.150209289975464
SimulationTime,354.169731823029
FramaCExecutionTime,51.85899773600977
TotalExecutionTime,13446.409793271916
