InputGenerationTime,0.3175034479936585
ProfilingTime,13.315528934937902
SimulationTime,425.3646235279739
FramaCExecutionTime,91.41251835902222
TotalExecutionTime,21952.03994541592
