InputGenerationTime,0.03744248510338366
ProfilingTime,13.289796476950869
SimulationTime,1723.4571453579701
FramaCExecutionTime,51.43124194908887
TotalExecutionTime,52263.72499400703
