InputGenerationTime,0.18930521099537145
ProfilingTime,13.715025533005246
SimulationTime,394.43548405099864
FramaCExecutionTime,71.4799096650022
TotalExecutionTime,19546.687272067997
