InputGenerationTime,0.19351184699917212
ProfilingTime,13.882456406994606
SimulationTime,389.2389928480043
FramaCExecutionTime,72.9316449120015
TotalExecutionTime,11063.898875410996
