InputGenerationTime,0.02293862495571375
ProfilingTime,12.853879087837413
SimulationTime,575.9409651749302
FramaCExecutionTime,70.69595004594885
TotalExecutionTime,24370.65661545517
