InputGenerationTime,0.03167619800660759
ProfilingTime,13.232277092989534
SimulationTime,284.32665389199974
FramaCExecutionTime,50.21064497900079
TotalExecutionTime,3362.9398866669944
