InputGenerationTime,0.19351184699917212
ProfilingTime,13.975389509003435
SimulationTime,389.3579131439983
FramaCExecutionTime,72.9316449120015
TotalExecutionTime,14406.028806588001
