InputGenerationTime,0.03224507300183177
ProfilingTime,12.571500560035929
SimulationTime,324.5611012210138
FramaCExecutionTime,52.54110222007148
TotalExecutionTime,34110.30924355192
