InputGenerationTime,0.40044495195616037
ProfilingTime,12.718315673060715
SimulationTime,303.2013719510287
FramaCExecutionTime,98.99218700896017
TotalExecutionTime,30136.80617879692
