InputGenerationTime,0.0343282570829615
ProfilingTime,24.262920337961987
SimulationTime,8108.8921011369675
FramaCExecutionTime,59.03087134310044
TotalExecutionTime,141544.60174267495
