InputGenerationTime,0.18930521099537145
ProfilingTime,12.240848849003669
SimulationTime,277.33773223200114
FramaCExecutionTime,71.4799096650022
TotalExecutionTime,25562.037106379998
