ID_VAL,DSP,BRAM,Flip_Flop,Area,min_Slack,Max_Freq,Clock_Cycles
values_0,12.0,32.0,7507.0,24669.666666666664,1.1102230246251565e-16,206.93651170686496,25534.0
values_3,12.0,32.0,7507.0,24669.666666666664,1.1102230246251565e-16,206.93651170686496,25534.0
values_1,12.0,32.0,7507.0,24669.666666666664,1.1102230246251565e-16,206.93651170686496,25548.0
values_2,12.0,32.0,7507.0,24669.666666666664,1.1102230246251565e-16,206.93651170686496,25541.0
values_4,12.0,32.0,7507.0,24669.666666666664,1.1102230246251565e-16,206.93651170686496,25534.0
