InputGenerationTime,0.02293862495571375
ProfilingTime,12.583652965025976
SimulationTime,795.1272864819039
FramaCExecutionTime,70.69595004594885
TotalExecutionTime,22030.93678404321
