InputGenerationTime,0.02170638699317351
ProfilingTime,20.178209556033835
SimulationTime,4804.58995502803
FramaCExecutionTime,73.29194818297401
TotalExecutionTime,120006.88661074999
