InputGenerationTime,0.02293862495571375
ProfilingTime,12.708493337966502
SimulationTime,795.2181573088747
FramaCExecutionTime,70.69595004594885
TotalExecutionTime,20401.347369155148
