InputGenerationTime,0.0197660019621253
ProfilingTime,13.101499354001135
SimulationTime,283.9572846200317
FramaCExecutionTime,48.88955827394966
TotalExecutionTime,9616.33985548804
