InputGenerationTime,0.03879245417192578
ProfilingTime,13.19385775225237
SimulationTime,395.71614478714764
FramaCExecutionTime,52.20132521400228
TotalExecutionTime,12331.935334675945
