InputGenerationTime,0.03702901297947392
ProfilingTime,12.64158166598645
SimulationTime,278.7719800850027
FramaCExecutionTime,71.29270682900096
TotalExecutionTime,24422.25589459398
