InputGenerationTime,0.4129942967556417
ProfilingTime,14.001345245167613
SimulationTime,1800.2064884491265
FramaCExecutionTime,101.09984872210771
TotalExecutionTime,55020.462781307055
