InputGenerationTime,0.40044495195616037
ProfilingTime,19.532362004974857
SimulationTime,392.23385478695855
FramaCExecutionTime,98.99218700896017
TotalExecutionTime,34029.53158540302
