InputGenerationTime,0.3229370079934597
ProfilingTime,13.136300275102258
SimulationTime,1596.4125960480887
FramaCExecutionTime,98.88148539885879
TotalExecutionTime,3320.066723800963
