InputGenerationTime,0.1754399259989441
ProfilingTime,13.656018017998576
SimulationTime,396.0554985890012
FramaCExecutionTime,57.4605167180016
TotalExecutionTime,2104.9540301419984
