InputGenerationTime,0.03366867080330849
ProfilingTime,15.531484242063016
SimulationTime,487.50112396199256
FramaCExecutionTime,53.57426840160042
TotalExecutionTime,21527.31984717399
