InputGenerationTime,0.35287134000100195
ProfilingTime,13.271272085956298
SimulationTime,396.64252884103917
FramaCExecutionTime,64.23335787199903
TotalExecutionTime,7184.270557082957
