InputGenerationTime,0.1754399259989441
ProfilingTime,13.789361793998978
SimulationTime,396.0575684039941
FramaCExecutionTime,57.4605167180016
TotalExecutionTime,7532.787962547001
