InputGenerationTime,0.2931191989919171
ProfilingTime,13.623435838962905
SimulationTime,448.92741259897593
FramaCExecutionTime,85.73839048703667
TotalExecutionTime,13817.995679804008
