InputGenerationTime,0.35287134000100195
ProfilingTime,18.44311326998286
SimulationTime,401.86578034004197
FramaCExecutionTime,64.23335787199903
TotalExecutionTime,6774.177067160024
