InputGenerationTime,0.03241898992564529
ProfilingTime,15.376038845046423
SimulationTime,366.77745359006803
FramaCExecutionTime,52.655185214011
TotalExecutionTime,35532.55651088909
