InputGenerationTime,0.2001025308854878
ProfilingTime,14.230566265061498
SimulationTime,1404.9883119459264
FramaCExecutionTime,72.35005585709587
TotalExecutionTime,40254.78165944014
