InputGenerationTime,0.18930521099537145
ProfilingTime,13.749026823003078
SimulationTime,393.01909837900166
FramaCExecutionTime,71.4799096650022
TotalExecutionTime,23729.613034536997
