InputGenerationTime,0.02062018308788538
ProfilingTime,17.26518518314697
SimulationTime,3212.395043726079
FramaCExecutionTime,74.76620333688334
TotalExecutionTime,42302.32614559308
