InputGenerationTime,0.03879245417192578
ProfilingTime,13.313774555921555
SimulationTime,397.0595327010378
FramaCExecutionTime,52.20132521400228
TotalExecutionTime,14439.450731044635
