InputGenerationTime,0.4129942967556417
ProfilingTime,13.316376069094986
SimulationTime,1800.6785159613937
FramaCExecutionTime,101.09984872210771
TotalExecutionTime,62041.283728532726
