InputGenerationTime,0.03241898992564529
ProfilingTime,15.446262847050093
SimulationTime,373.9671041360125
FramaCExecutionTime,52.655185214011
TotalExecutionTime,32104.742535733036
