InputGenerationTime,0.4129942967556417
ProfilingTime,12.612475963775069
SimulationTime,1461.9046394596808
FramaCExecutionTime,101.09984872210771
TotalExecutionTime,83063.57564496598
