InputGenerationTime,0.03241898992564529
ProfilingTime,15.934895660029724
SimulationTime,369.8989538549213
FramaCExecutionTime,52.655185214011
TotalExecutionTime,34763.93261412298
