InputGenerationTime,0.05050157301593572
ProfilingTime,14.807133176975185
SimulationTime,371.79300097498344
FramaCExecutionTime,70.46303340801387
TotalExecutionTime,2375.556269672001
