InputGenerationTime,0.3175034479936585
ProfilingTime,12.667320298030972
SimulationTime,339.951198961935
FramaCExecutionTime,91.41251835902222
TotalExecutionTime,26486.970900274
