InputGenerationTime,0.02293862495571375
ProfilingTime,12.769366282969713
SimulationTime,575.3531588620972
FramaCExecutionTime,70.69595004594885
TotalExecutionTime,33053.32465629815
