InputGenerationTime,0.2001025308854878
ProfilingTime,12.670086751924828
SimulationTime,1034.6469865990803
FramaCExecutionTime,72.35005585709587
TotalExecutionTime,60596.45219273912
