InputGenerationTime,0.03744248510338366
ProfilingTime,13.435978303896263
SimulationTime,1724.4755533128045
FramaCExecutionTime,51.43124194908887
TotalExecutionTime,54001.832683106884
