InputGenerationTime,0.03048163499624934
ProfilingTime,13.02270452400262
SimulationTime,280.9138995579997
FramaCExecutionTime,50.17232942400733
TotalExecutionTime,8153.640224938994
