InputGenerationTime,0.03224507300183177
ProfilingTime,13.276361876982264
SimulationTime,356.5169215819333
FramaCExecutionTime,52.54110222007148
TotalExecutionTime,27526.77694878797
