InputGenerationTime,0.02170638699317351
ProfilingTime,16.744087091996334
SimulationTime,2130.9015487710712
FramaCExecutionTime,73.29194818297401
TotalExecutionTime,90095.69589748594
