InputGenerationTime,0.1754399259989441
ProfilingTime,13.823620104001748
SimulationTime,395.721047037001
FramaCExecutionTime,57.4605167180016
TotalExecutionTime,4786.652387553
