InputGenerationTime,0.0306800160324201
ProfilingTime,15.220467196078971
SimulationTime,370.82189979194663
FramaCExecutionTime,53.57198854407761
TotalExecutionTime,19829.676630196045
