InputGenerationTime,0.03241898992564529
ProfilingTime,15.709859117981978
SimulationTime,369.98917058994994
FramaCExecutionTime,52.655185214011
TotalExecutionTime,33221.21103020408
