InputGenerationTime,0.19351184699917212
ProfilingTime,13.9353128080038
SimulationTime,388.1791868069995
FramaCExecutionTime,72.9316449120015
TotalExecutionTime,15211.675272027998
