InputGenerationTime,0.0343282570829615
ProfilingTime,21.46011451096274
SimulationTime,7700.6594215569785
FramaCExecutionTime,59.03087134310044
TotalExecutionTime,38552.01298556698
