InputGenerationTime,0.0343282570829615
ProfilingTime,19.792806542944163
SimulationTime,7688.801669490989
FramaCExecutionTime,59.03087134310044
TotalExecutionTime,15473.813232554006
