InputGenerationTime,0.04822540900204331
ProfilingTime,12.24374481200357
SimulationTime,237.90650859499874
FramaCExecutionTime,68.62747044400021
TotalExecutionTime,820.592310299995
