InputGenerationTime,0.05050157301593572
ProfilingTime,14.206616422976367
SimulationTime,376.1407096250041
FramaCExecutionTime,70.46303340801387
TotalExecutionTime,6383.459168192989
