InputGenerationTime,0.1754399259989441
ProfilingTime,12.286525682000502
SimulationTime,274.66195628099376
FramaCExecutionTime,57.4605167180016
TotalExecutionTime,8548.415015510996
