InputGenerationTime,0.02062018308788538
ProfilingTime,16.33782316511497
SimulationTime,1470.561479404103
FramaCExecutionTime,74.76620333688334
TotalExecutionTime,39072.47465458815
