InputGenerationTime,0.02062018308788538
ProfilingTime,16.114909092197195
SimulationTime,5327.910426843911
FramaCExecutionTime,74.76620333688334
TotalExecutionTime,75130.21368907415
