InputGenerationTime,0.03048163499624934
ProfilingTime,13.264918732995284
SimulationTime,274.9159142080025
FramaCExecutionTime,50.17232942400733
TotalExecutionTime,11320.359372022998
