InputGenerationTime,0.2931191989919171
ProfilingTime,12.29554724902846
SimulationTime,284.74037184007466
FramaCExecutionTime,85.73839048703667
TotalExecutionTime,18056.067885583965
