InputGenerationTime,0.3175034479936585
ProfilingTime,12.634336451999843
SimulationTime,316.64552682905924
FramaCExecutionTime,91.41251835902222
TotalExecutionTime,19540.14317431394
