InputGenerationTime,0.03048163499624934
ProfilingTime,13.218017232997227
SimulationTime,274.5144123890059
FramaCExecutionTime,50.17232942400733
TotalExecutionTime,8729.059383778993
