InputGenerationTime,0.05050157301593572
ProfilingTime,14.188215831993148
SimulationTime,370.51640121100354
FramaCExecutionTime,70.46303340801387
TotalExecutionTime,3843.8397247839894
