InputGenerationTime,0.2001025308854878
ProfilingTime,13.171113851014525
SimulationTime,1194.376834180206
FramaCExecutionTime,72.35005585709587
TotalExecutionTime,59392.46939032897
