InputGenerationTime,0.03366867080330849
ProfilingTime,16.238598281983286
SimulationTime,488.1326269446872
FramaCExecutionTime,53.57426840160042
TotalExecutionTime,15019.495096623898
