InputGenerationTime,0.03366867080330849
ProfilingTime,15.49342024512589
SimulationTime,486.98908628476784
FramaCExecutionTime,53.57426840160042
TotalExecutionTime,14011.416763175279
