InputGenerationTime,0.1754399259989441
ProfilingTime,13.609995464001258
SimulationTime,396.10545965700294
FramaCExecutionTime,57.4605167180016
TotalExecutionTime,5484.617735726002
