InputGenerationTime,0.03727585298474878
ProfilingTime,14.558996072999435
SimulationTime,367.6145695669984
FramaCExecutionTime,70.72863440299989
TotalExecutionTime,19409.022047495993
