InputGenerationTime,0.03879245417192578
ProfilingTime,13.375641406979412
SimulationTime,396.04183918004856
FramaCExecutionTime,52.20132521400228
TotalExecutionTime,11922.848491246812
