InputGenerationTime,0.02826332999393344
ProfilingTime,14.060350175015628
SimulationTime,328.9682786529884
FramaCExecutionTime,53.42625823803246
TotalExecutionTime,18619.496861712076
