InputGenerationTime,0.40044495195616037
ProfilingTime,13.27270839002449
SimulationTime,388.199526477023
FramaCExecutionTime,98.99218700896017
TotalExecutionTime,32063.293346161954
