InputGenerationTime,0.40044495195616037
ProfilingTime,14.334493299014866
SimulationTime,388.5970238180598
FramaCExecutionTime,98.99218700896017
TotalExecutionTime,33617.58580580994
