InputGenerationTime,0.03331928001716733
ProfilingTime,12.981562603032216
SimulationTime,1802.3081646061037
FramaCExecutionTime,51.08595712692477
TotalExecutionTime,7699.347203311045
