InputGenerationTime,0.05050157301593572
ProfilingTime,14.272688807017403
SimulationTime,372.28569319300004
FramaCExecutionTime,70.46303340801387
TotalExecutionTime,7841.371448327991
