InputGenerationTime,0.03702901297947392
ProfilingTime,14.019950027985033
SimulationTime,330.4692867359845
FramaCExecutionTime,71.29270682900096
TotalExecutionTime,28236.105317923997
