InputGenerationTime,0.20110055200348143
ProfilingTime,13.47969497700251
SimulationTime,410.8475558029968
FramaCExecutionTime,72.20949230200495
TotalExecutionTime,29715.791215772995
