InputGenerationTime,0.3175034479936585
ProfilingTime,13.894047435023822
SimulationTime,423.1190958749503
FramaCExecutionTime,91.41251835902222
TotalExecutionTime,26924.159036714
