InputGenerationTime,0.02293862495571375
ProfilingTime,12.567767327884212
SimulationTime,875.2199495770037
FramaCExecutionTime,70.69595004594885
TotalExecutionTime,35924.12526551704
