InputGenerationTime,0.3229370079934597
ProfilingTime,13.889100979082286
SimulationTime,2032.4976150090806
FramaCExecutionTime,98.88148539885879
TotalExecutionTime,10345.663733045803
