InputGenerationTime,0.0343282570829615
ProfilingTime,25.659139227005653
SimulationTime,8224.23900315899
FramaCExecutionTime,59.03087134310044
TotalExecutionTime,133411.17183168198
