InputGenerationTime,0.20110055200348143
ProfilingTime,13.961327420998714
SimulationTime,411.82640358200297
FramaCExecutionTime,72.20949230200495
TotalExecutionTime,28125.067609715996
