InputGenerationTime,0.03366867080330849
ProfilingTime,15.038675875402987
SimulationTime,476.5980486581102
FramaCExecutionTime,53.57426840160042
TotalExecutionTime,13508.74631859921
