InputGenerationTime,0.03366867080330849
ProfilingTime,14.965453550219536
SimulationTime,430.63701907824725
FramaCExecutionTime,53.57426840160042
TotalExecutionTime,18509.82000907231
