InputGenerationTime,0.03744248510338366
ProfilingTime,13.241567610064521
SimulationTime,1719.4371121020522
FramaCExecutionTime,51.43124194908887
TotalExecutionTime,76669.70436161687
