InputGenerationTime,0.02826332999393344
ProfilingTime,15.8494200441055
SimulationTime,369.77626291802153
FramaCExecutionTime,53.42625823803246
TotalExecutionTime,13684.615495325997
