InputGenerationTime,0.2931191989919171
ProfilingTime,13.739465413964354
SimulationTime,448.98062022810336
FramaCExecutionTime,85.73839048703667
TotalExecutionTime,11342.622842211975
