InputGenerationTime,0.03744248510338366
ProfilingTime,13.289777480065823
SimulationTime,1720.9051478339825
FramaCExecutionTime,51.43124194908887
TotalExecutionTime,66270.61470167199
