InputGenerationTime,0.02170638699317351
ProfilingTime,20.34039435000159
SimulationTime,4814.157298804959
FramaCExecutionTime,73.29194818297401
TotalExecutionTime,105363.32188283699
