InputGenerationTime,0.03396001807413995
ProfilingTime,14.53622490609996
SimulationTime,428.39017243497074
FramaCExecutionTime,72.2428532531485
TotalExecutionTime,13339.153322902974
