InputGenerationTime,0.4129942967556417
ProfilingTime,14.05744667397812
SimulationTime,1801.2982728448696
FramaCExecutionTime,101.09984872210771
TotalExecutionTime,70773.10865477868
