InputGenerationTime,0.03331928001716733
ProfilingTime,13.331132607068866
SimulationTime,1745.883911629906
FramaCExecutionTime,51.08595712692477
TotalExecutionTime,36001.05383540387
