InputGenerationTime,0.03744248510338366
ProfilingTime,13.230060177855194
SimulationTime,1799.7585080091376
FramaCExecutionTime,51.43124194908887
TotalExecutionTime,78482.890436769
