InputGenerationTime,0.03241898992564529
ProfilingTime,14.837759225978516
SimulationTime,371.15290293004364
FramaCExecutionTime,52.655185214011
TotalExecutionTime,27880.308155009057
