InputGenerationTime,0.03224507300183177
ProfilingTime,13.85972401406616
SimulationTime,354.8780833419878
FramaCExecutionTime,52.54110222007148
TotalExecutionTime,27895.693259540014
