InputGenerationTime,0.3229370079934597
ProfilingTime,13.461999712046236
SimulationTime,1575.7371711239684
FramaCExecutionTime,98.88148539885879
TotalExecutionTime,13986.019300654996
