InputGenerationTime,0.03178182400006335
ProfilingTime,14.816035829000612
SimulationTime,356.43071793999843
FramaCExecutionTime,55.633369332001166
TotalExecutionTime,10408.620197616001
