InputGenerationTime,0.02826332999393344
ProfilingTime,15.550927927950397
SimulationTime,370.9210742210271
FramaCExecutionTime,53.42625823803246
TotalExecutionTime,15582.887985647074
