InputGenerationTime,0.18930521099537145
ProfilingTime,12.659070450004947
SimulationTime,310.6197891949996
FramaCExecutionTime,71.4799096650022
TotalExecutionTime,17743.266684192997
