InputGenerationTime,0.02826332999393344
ProfilingTime,16.077651325031184
SimulationTime,371.3177603579825
FramaCExecutionTime,53.42625823803246
TotalExecutionTime,12527.359061378986
