InputGenerationTime,0.04822540900204331
ProfilingTime,12.172379661002196
SimulationTime,238.6883374070021
FramaCExecutionTime,68.62747044400021
TotalExecutionTime,319.5394772629952
