InputGenerationTime,0.4129942967556417
ProfilingTime,12.9174123108387
SimulationTime,1587.4028985020705
FramaCExecutionTime,101.09984872210771
TotalExecutionTime,48067.10197739373
