InputGenerationTime,0.03702901297947392
ProfilingTime,14.23247157401056
SimulationTime,331.8265017810045
FramaCExecutionTime,71.29270682900096
TotalExecutionTime,31236.267335473996
