InputGenerationTime,0.03366867080330849
ProfilingTime,16.072365236002952
SimulationTime,487.34635728085414
FramaCExecutionTime,53.57426840160042
TotalExecutionTime,20016.802944538184
