InputGenerationTime,0.2001025308854878
ProfilingTime,13.07267559086904
SimulationTime,1141.3594982440118
FramaCExecutionTime,72.35005585709587
TotalExecutionTime,41409.42610166408
