InputGenerationTime,0.13662187196314335
ProfilingTime,13.764548202045262
SimulationTime,1529.7909151290078
FramaCExecutionTime,68.18601442896761
TotalExecutionTime,7871.440924511058
