InputGenerationTime,0.40044495195616037
ProfilingTime,12.839467692072503
SimulationTime,331.3646418340504
FramaCExecutionTime,98.99218700896017
TotalExecutionTime,29015.142912636977
