InputGenerationTime,0.02170638699317351
ProfilingTime,15.982847453909926
SimulationTime,1426.2563340850174
FramaCExecutionTime,73.29194818297401
TotalExecutionTime,127836.60531559295
