InputGenerationTime,0.02170638699317351
ProfilingTime,19.877558207022958
SimulationTime,4811.633606964024
FramaCExecutionTime,73.29194818297401
TotalExecutionTime,115181.87493769999
