InputGenerationTime,0.04073149900068529
ProfilingTime,12.72381625500202
SimulationTime,275.25360566200106
FramaCExecutionTime,50.308639496997785
TotalExecutionTime,26540.620224275997
