InputGenerationTime,0.20110055200348143
ProfilingTime,12.789743086999806
SimulationTime,302.83661153799767
FramaCExecutionTime,72.20949230200495
TotalExecutionTime,28440.890961756
