InputGenerationTime,0.40044495195616037
ProfilingTime,14.134403405012563
SimulationTime,388.2115124290576
FramaCExecutionTime,98.99218700896017
TotalExecutionTime,33214.485114083975
