InputGenerationTime,0.05050157301593572
ProfilingTime,12.684396980010206
SimulationTime,294.79479533000267
FramaCExecutionTime,70.46303340801387
TotalExecutionTime,992.47010151
