InputGenerationTime,0.3175034479936585
ProfilingTime,12.25631327892188
SimulationTime,288.5652042069705
FramaCExecutionTime,91.41251835902222
TotalExecutionTime,27225.156547019957
