InputGenerationTime,0.03224507300183177
ProfilingTime,13.649072195985354
SimulationTime,354.9220760479802
FramaCExecutionTime,52.54110222007148
TotalExecutionTime,30130.271694920026
