InputGenerationTime,0.03640592400188325
ProfilingTime,15.232523963000858
SimulationTime,295.0517867100061
FramaCExecutionTime,56.20750910700008
TotalExecutionTime,21009.010981132997
