InputGenerationTime,0.05050157301593572
ProfilingTime,12.611619006987894
SimulationTime,294.7907995090063
FramaCExecutionTime,70.46303340801387
TotalExecutionTime,684.836428509996
