InputGenerationTime,0.02293862495571375
ProfilingTime,12.950475262943655
SimulationTime,577.0602926858701
FramaCExecutionTime,70.69595004594885
TotalExecutionTime,31876.36070093303
