InputGenerationTime,0.2931191989919171
ProfilingTime,12.714148979983293
SimulationTime,311.26041195495054
FramaCExecutionTime,85.73839048703667
TotalExecutionTime,10079.700991994003
