InputGenerationTime,0.35287134000100195
ProfilingTime,13.48372085893061
SimulationTime,397.0294872580562
FramaCExecutionTime,64.23335787199903
TotalExecutionTime,6353.689400790026
