InputGenerationTime,0.02902100095525384
ProfilingTime,13.215417157043703
SimulationTime,353.37532337999437
FramaCExecutionTime,51.85899773600977
TotalExecutionTime,16004.901721733971
