InputGenerationTime,0.03167619800660759
ProfilingTime,13.24224700499326
SimulationTime,283.7529135560035
FramaCExecutionTime,50.21064497900079
TotalExecutionTime,3947.403163437004
