InputGenerationTime,0.35287134000100195
ProfilingTime,13.110565162962303
SimulationTime,396.4992094069021
FramaCExecutionTime,64.23335787199903
TotalExecutionTime,8350.757804779918
