InputGenerationTime,0.03727585298474878
ProfilingTime,14.28092232599738
SimulationTime,367.4960817930114
FramaCExecutionTime,70.72863440299989
TotalExecutionTime,22724.249567594
