InputGenerationTime,0.03167619800660759
ProfilingTime,13.169121049999376
SimulationTime,294.2601994479919
FramaCExecutionTime,50.21064497900079
TotalExecutionTime,2471.0230106539966
