InputGenerationTime,0.0306800160324201
ProfilingTime,14.764112505014054
SimulationTime,370.8903058170108
FramaCExecutionTime,53.57198854407761
TotalExecutionTime,19443.44279472204
