InputGenerationTime,0.03396001807413995
ProfilingTime,13.052890710998327
SimulationTime,364.1566795229446
FramaCExecutionTime,72.2428532531485
TotalExecutionTime,10404.199317607097
