InputGenerationTime,0.05145477596670389
ProfilingTime,16.68865916301729
SimulationTime,690.1650779150077
FramaCExecutionTime,72.40063306299271
TotalExecutionTime,11440.450029622996
