InputGenerationTime,0.03879245417192578
ProfilingTime,13.011779661290348
SimulationTime,452.84249878907576
FramaCExecutionTime,52.20132521400228
TotalExecutionTime,10617.642367867753
