InputGenerationTime,0.03178182400006335
ProfilingTime,15.525241659997846
SimulationTime,392.8407300109975
FramaCExecutionTime,55.633369332001166
TotalExecutionTime,16755.054278481002
