InputGenerationTime,0.2001025308854878
ProfilingTime,13.752280704909936
SimulationTime,1403.9642358911224
FramaCExecutionTime,72.35005585709587
TotalExecutionTime,38835.36555452016
