InputGenerationTime,0.03879245417192578
ProfilingTime,13.002766013145447
SimulationTime,416.1757390834391
FramaCExecutionTime,52.20132521400228
TotalExecutionTime,11513.251817880664
