InputGenerationTime,0.03727585298474878
ProfilingTime,14.182338243990671
SimulationTime,367.6747132659948
FramaCExecutionTime,70.72863440299989
TotalExecutionTime,23791.799551743985
