InputGenerationTime,0.03241898992564529
ProfilingTime,15.198718228959478
SimulationTime,369.9337345659733
FramaCExecutionTime,52.655185214011
TotalExecutionTime,30557.304508625995
