InputGenerationTime,0.03048163499624934
ProfilingTime,13.250386911997339
SimulationTime,275.11939951300155
FramaCExecutionTime,50.17232942400733
TotalExecutionTime,13340.948355372006
