InputGenerationTime,0.03640592400188325
ProfilingTime,15.383604826994997
SimulationTime,342.76252704599756
FramaCExecutionTime,56.20750910700008
TotalExecutionTime,24141.329785151
