InputGenerationTime,0.03224507300183177
ProfilingTime,14.003003277000971
SimulationTime,354.4623356779339
FramaCExecutionTime,52.54110222007148
TotalExecutionTime,32694.38570658595
