InputGenerationTime,0.03224507300183177
ProfilingTime,13.130993084982038
SimulationTime,349.38199135893956
FramaCExecutionTime,52.54110222007148
TotalExecutionTime,33773.007841517916
