InputGenerationTime,0.03366867080330849
ProfilingTime,15.469570118002594
SimulationTime,485.76653994992375
FramaCExecutionTime,53.57426840160042
TotalExecutionTime,18064.032323516905
