InputGenerationTime,0.03640592400188325
ProfilingTime,15.293931939995673
SimulationTime,311.2915638869963
FramaCExecutionTime,56.20750910700008
TotalExecutionTime,19990.253690603
