InputGenerationTime,0.4129942967556417
ProfilingTime,13.681780947837979
SimulationTime,1801.718951904215
FramaCExecutionTime,101.09984872210771
TotalExecutionTime,76233.46208470804
