InputGenerationTime,0.03396001807413995
ProfilingTime,13.111693640938029
SimulationTime,368.48829524195753
FramaCExecutionTime,72.2428532531485
TotalExecutionTime,12008.013470405946
