InputGenerationTime,0.05145477596670389
ProfilingTime,16.598637529008556
SimulationTime,675.4576100520208
FramaCExecutionTime,72.40063306299271
TotalExecutionTime,7458.093513904023
