InputGenerationTime,0.03167619800660759
ProfilingTime,12.85771523899166
SimulationTime,293.31914516098914
FramaCExecutionTime,50.21064497900079
TotalExecutionTime,662.8872758749931
