InputGenerationTime,0.02826332999393344
ProfilingTime,14.784726029960439
SimulationTime,368.06616226106416
FramaCExecutionTime,53.42625823803246
TotalExecutionTime,11002.627547163982
