InputGenerationTime,0.02902100095525384
ProfilingTime,13.417833372019231
SimulationTime,353.2909644850297
FramaCExecutionTime,51.85899773600977
TotalExecutionTime,15638.137675193953
