InputGenerationTime,0.03331928001716733
ProfilingTime,13.329880238045007
SimulationTime,1743.834451918956
FramaCExecutionTime,51.08595712692477
TotalExecutionTime,39590.67628011503
