InputGenerationTime,0.2931191989919171
ProfilingTime,12.634234828990884
SimulationTime,304.18341384490486
FramaCExecutionTime,85.73839048703667
TotalExecutionTime,9048.699542079004
