InputGenerationTime,0.1754399259989441
ProfilingTime,12.890315962999011
SimulationTime,326.0992458519977
FramaCExecutionTime,57.4605167180016
TotalExecutionTime,7871.973581530998
