InputGenerationTime,0.05145477596670389
ProfilingTime,16.55390699201962
SimulationTime,673.7222216079826
FramaCExecutionTime,72.40063306299271
TotalExecutionTime,13669.533858950017
