InputGenerationTime,0.05050157301593572
ProfilingTime,14.215460273990175
SimulationTime,371.8104352299997
FramaCExecutionTime,70.46303340801387
TotalExecutionTime,7156.255068948987
