InputGenerationTime,0.13662187196314335
ProfilingTime,14.087013605982065
SimulationTime,1530.4119643568993
FramaCExecutionTime,68.18601442896761
TotalExecutionTime,9416.141625404125
