InputGenerationTime,0.04822540900204331
ProfilingTime,12.597544574004132
SimulationTime,239.41745842300588
FramaCExecutionTime,68.62747044400021
TotalExecutionTime,1835.9396156079893
