ID_VAL,DSP,BRAM,Flip_Flop,Area,min_Slack,Max_Freq,Clock_Cycles
values_0,12.0,64.0,5379.0,23574.0,1.1102230246251565e-16,206.93651170686496,35262.0
values_3,12.0,64.0,5379.0,23574.0,1.1102230246251565e-16,206.93651170686496,35262.0
values_1,12.0,64.0,5379.0,23574.0,1.1102230246251565e-16,206.93651170686496,35276.0
values_2,12.0,64.0,5379.0,23574.0,1.1102230246251565e-16,206.93651170686496,35269.0
values_4,12.0,64.0,5379.0,23574.0,1.1102230246251565e-16,206.93651170686496,35262.0
