InputGenerationTime,0.03167619800660759
ProfilingTime,13.183930015002261
SimulationTime,283.9604506790056
FramaCExecutionTime,50.21064497900079
TotalExecutionTime,1568.5447764889977
