InputGenerationTime,0.03048163499624934
ProfilingTime,13.170624313002918
SimulationTime,274.19511215800594
FramaCExecutionTime,50.17232942400733
TotalExecutionTime,8441.170932965004
