InputGenerationTime,0.35287134000100195
ProfilingTime,12.80323552095797
SimulationTime,324.6486394890817
FramaCExecutionTime,64.23335787199903
TotalExecutionTime,1699.526315968018
