InputGenerationTime,0.0197660019621253
ProfilingTime,13.43161627103109
SimulationTime,268.1091350419447
FramaCExecutionTime,48.88955827394966
TotalExecutionTime,12168.108345985995
