InputGenerationTime,0.2001025308854878
ProfilingTime,13.905263586901128
SimulationTime,1406.4142681809608
FramaCExecutionTime,72.35005585709587
TotalExecutionTime,56765.276052975096
