InputGenerationTime,0.03167619800660759
ProfilingTime,12.895973842998501
SimulationTime,294.2958365259983
FramaCExecutionTime,50.21064497900079
TotalExecutionTime,970.2460961189936
