InputGenerationTime,0.03727585298474878
ProfilingTime,12.533494881994557
SimulationTime,291.33738663297845
FramaCExecutionTime,70.72863440299989
TotalExecutionTime,16947.140551054996
