InputGenerationTime,0.2001025308854878
ProfilingTime,14.227674984838814
SimulationTime,1405.776810288895
FramaCExecutionTime,72.35005585709587
TotalExecutionTime,52126.86823334498
