InputGenerationTime,0.0197660019621253
ProfilingTime,13.005563026992604
SimulationTime,282.72716071107425
FramaCExecutionTime,48.88955827394966
TotalExecutionTime,8726.87945185299
