InputGenerationTime,0.03727585298474878
ProfilingTime,12.558648331993027
SimulationTime,290.91131108399713
FramaCExecutionTime,70.72863440299989
TotalExecutionTime,16643.115452358994
