InputGenerationTime,0.0197660019621253
ProfilingTime,12.683532972936518
SimulationTime,299.56304919708055
FramaCExecutionTime,48.88955827394966
TotalExecutionTime,15014.514856379014
