InputGenerationTime,0.02062018308788538
ProfilingTime,16.997981935972348
SimulationTime,3232.839128728956
FramaCExecutionTime,74.76620333688334
TotalExecutionTime,37585.365469493205
