InputGenerationTime,0.03224507300183177
ProfilingTime,13.045287881977856
SimulationTime,333.79937625699677
FramaCExecutionTime,52.54110222007148
TotalExecutionTime,33410.32808255893
