InputGenerationTime,0.03727585298474878
ProfilingTime,12.689253034011927
SimulationTime,295.3118961410073
FramaCExecutionTime,70.72863440299989
TotalExecutionTime,18643.51103494299
