InputGenerationTime,0.03879245417192578
ProfilingTime,12.90124692581594
SimulationTime,448.2041318118572
FramaCExecutionTime,52.20132521400228
TotalExecutionTime,10151.61628095666
