InputGenerationTime,0.03702901297947392
ProfilingTime,12.697253302001627
SimulationTime,275.9930167720013
FramaCExecutionTime,71.29270682900096
TotalExecutionTime,30890.054075402993
