InputGenerationTime,0.03727585298474878
ProfilingTime,14.544939994986635
SimulationTime,368.378995645995
FramaCExecutionTime,70.72863440299989
TotalExecutionTime,21960.008661686006
