InputGenerationTime,0.02902100095525384
ProfilingTime,13.430786533979699
SimulationTime,354.73283042397816
FramaCExecutionTime,51.85899773600977
TotalExecutionTime,14904.509787112009
