InputGenerationTime,0.2001025308854878
ProfilingTime,13.04087737412192
SimulationTime,1160.2210639650002
FramaCExecutionTime,72.35005585709587
TotalExecutionTime,32704.50141561916
