InputGenerationTime,0.02293862495571375
ProfilingTime,12.691889604087919
SimulationTime,808.8254468711093
FramaCExecutionTime,70.69595004594885
TotalExecutionTime,21223.044654060155
