InputGenerationTime,0.3175034479936585
ProfilingTime,12.61315828608349
SimulationTime,307.06130583095364
FramaCExecutionTime,91.41251835902222
TotalExecutionTime,22709.64318481402
