InputGenerationTime,0.04822540900204331
ProfilingTime,12.25984143500682
SimulationTime,243.36379925499205
FramaCExecutionTime,68.62747044400021
TotalExecutionTime,1076.3698264419945
