InputGenerationTime,0.02293862495571375
ProfilingTime,12.85446603409946
SimulationTime,793.4949703509919
FramaCExecutionTime,70.69595004594885
TotalExecutionTime,34448.15511178016
