InputGenerationTime,0.03702901297947392
ProfilingTime,12.663817155000288
SimulationTime,283.1512902819959
FramaCExecutionTime,71.29270682900096
TotalExecutionTime,26571.760407403985
