InputGenerationTime,0.0306800160324201
ProfilingTime,14.81030352995731
SimulationTime,327.45225346204825
FramaCExecutionTime,53.57198854407761
TotalExecutionTime,24023.13640550105
