InputGenerationTime,0.0343282570829615
ProfilingTime,23.820982886012644
SimulationTime,8227.517020481988
FramaCExecutionTime,59.03087134310044
TotalExecutionTime,116922.71237827
