InputGenerationTime,0.0197660019621253
ProfilingTime,13.384246101020835
SimulationTime,268.4007362111006
FramaCExecutionTime,48.88955827394966
TotalExecutionTime,13575.040188111016
