InputGenerationTime,0.1754399259989441
ProfilingTime,13.521408364002127
SimulationTime,396.1641603750031
FramaCExecutionTime,57.4605167180016
TotalExecutionTime,4061.414688781999
