InputGenerationTime,0.03224507300183177
ProfilingTime,13.289894643006846
SimulationTime,351.6808887299849
FramaCExecutionTime,52.54110222007148
TotalExecutionTime,31586.23889745702
