InputGenerationTime,0.03331928001716733
ProfilingTime,13.241797711001709
SimulationTime,1741.1543713500723
FramaCExecutionTime,51.08595712692477
TotalExecutionTime,32485.833568939008
