ID_VAL,DSP,BRAM,Flip_Flop,Area,min_Slack,Max_Freq,Clock_Cycles
values_0,12.0,32.0,10421.0,32724.166666666668,1.1102230246251565e-16,206.93651170686496,24582.0
values_3,12.0,32.0,10421.0,32724.166666666668,1.1102230246251565e-16,206.93651170686496,24582.0
values_1,12.0,32.0,10421.0,32724.166666666668,1.1102230246251565e-16,206.93651170686496,24596.0
values_2,12.0,32.0,10421.0,32724.166666666668,1.1102230246251565e-16,206.93651170686496,24589.0
values_4,12.0,32.0,10421.0,32724.166666666668,1.1102230246251565e-16,206.93651170686496,24582.0
