InputGenerationTime,0.03366867080330849
ProfilingTime,15.10050583211705
SimulationTime,501.92501272726804
FramaCExecutionTime,53.57426840160042
TotalExecutionTime,15536.710886095185
