InputGenerationTime,0.0343282570829615
ProfilingTime,25.347251940052956
SimulationTime,8212.660239059944
FramaCExecutionTime,59.03087134310044
TotalExecutionTime,125160.98911843705
