InputGenerationTime,0.19351184699917212
ProfilingTime,12.611410395998973
SimulationTime,313.34631744699436
FramaCExecutionTime,72.9316449120015
TotalExecutionTime,9594.561780725999
