InputGenerationTime,0.0343282570829615
ProfilingTime,21.928417450981215
SimulationTime,7689.326018927037
FramaCExecutionTime,59.03087134310044
TotalExecutionTime,77794.52876281203
