InputGenerationTime,0.18930521099537145
ProfilingTime,13.736687402000825
SimulationTime,393.62093455599825
FramaCExecutionTime,71.4799096650022
TotalExecutionTime,20677.635703173997
