InputGenerationTime,0.2931191989919171
ProfilingTime,13.407104894053191
SimulationTime,449.2072941060178
FramaCExecutionTime,85.73839048703667
TotalExecutionTime,16479.82686333696
