InputGenerationTime,0.3229370079934597
ProfilingTime,13.34525103494525
SimulationTime,1735.9089473390486
FramaCExecutionTime,98.88148539885879
TotalExecutionTime,25565.094051435823
