InputGenerationTime,0.02902100095525384
ProfilingTime,12.472224497934803
SimulationTime,324.77303251903504
FramaCExecutionTime,51.85899773600977
TotalExecutionTime,17052.879417271935
