InputGenerationTime,0.03744248510338366
ProfilingTime,13.167264634976164
SimulationTime,1720.058655312052
FramaCExecutionTime,51.43124194908887
TotalExecutionTime,68004.04661693703
