InputGenerationTime,0.0306800160324201
ProfilingTime,16.22834160097409
SimulationTime,371.65254723094404
FramaCExecutionTime,53.57198854407761
TotalExecutionTime,25183.453239604016
