InputGenerationTime,0.03167619800660759
ProfilingTime,12.90985537400411
SimulationTime,287.9139750410104
FramaCExecutionTime,50.21064497900079
TotalExecutionTime,1271.239280270005
