InputGenerationTime,0.03178182400006335
ProfilingTime,15.538658137000311
SimulationTime,387.1679944960015
FramaCExecutionTime,55.633369332001166
TotalExecutionTime,13158.669564859
