InputGenerationTime,0.19351184699917212
ProfilingTime,13.874635869004123
SimulationTime,388.77189646599436
FramaCExecutionTime,72.9316449120015
TotalExecutionTime,12186.141747057998
