InputGenerationTime,0.3229370079934597
ProfilingTime,14.054994899779558
SimulationTime,2034.3339723609388
FramaCExecutionTime,98.88148539885879
TotalExecutionTime,35821.090761944884
