InputGenerationTime,0.02293862495571375
ProfilingTime,12.674353236798197
SimulationTime,576.5831314020324
FramaCExecutionTime,70.69595004594885
TotalExecutionTime,29235.211694134166
