InputGenerationTime,0.03167619800660759
ProfilingTime,13.150033773999894
SimulationTime,285.21642122800404
FramaCExecutionTime,50.21064497900079
TotalExecutionTime,6626.650497287992
