InputGenerationTime,0.02170638699317351
ProfilingTime,16.987457881041337
SimulationTime,1655.0745656200452
FramaCExecutionTime,73.29194818297401
TotalExecutionTime,74114.58523065399
