InputGenerationTime,0.03167619800660759
ProfilingTime,13.085150872997474
SimulationTime,283.72628038498806
FramaCExecutionTime,50.21064497900079
TotalExecutionTime,6030.7876529979985
