InputGenerationTime,0.0306800160324201
ProfilingTime,14.002909383038059
SimulationTime,327.50859962496907
FramaCExecutionTime,53.57198854407761
TotalExecutionTime,27441.427882521995
