InputGenerationTime,0.03224507300183177
ProfilingTime,13.115397079964168
SimulationTime,339.3329220020678
FramaCExecutionTime,52.54110222007148
TotalExecutionTime,30851.515829439973
