InputGenerationTime,0.3229370079934597
ProfilingTime,19.624563172925264
SimulationTime,2040.354517144151
FramaCExecutionTime,98.88148539885879
TotalExecutionTime,33772.51180377905
