InputGenerationTime,0.03241898992564529
ProfilingTime,16.03902806993574
SimulationTime,369.52944386098534
FramaCExecutionTime,52.655185214011
TotalExecutionTime,31329.018029198982
