InputGenerationTime,0.03744248510338366
ProfilingTime,13.313393275020644
SimulationTime,1725.4319898230024
FramaCExecutionTime,51.43124194908887
TotalExecutionTime,59318.868109202944
