InputGenerationTime,0.04822540900204331
ProfilingTime,12.247869010010618
SimulationTime,245.58098835599958
FramaCExecutionTime,68.62747044400021
TotalExecutionTime,3100.273926171998
