ID_VAL,DSP,BRAM,Flip_Flop,Area,min_Slack,Max_Freq,Clock_Cycles
values_0,12.0,64.0,5389.0,23723.0,1.1102230246251565e-16,206.93651170686496,35278.0
values_3,12.0,64.0,5389.0,23723.0,1.1102230246251565e-16,206.93651170686496,35278.0
values_1,12.0,64.0,5389.0,23723.0,1.1102230246251565e-16,206.93651170686496,35292.0
values_2,12.0,64.0,5389.0,23723.0,1.1102230246251565e-16,206.93651170686496,35285.0
values_4,12.0,64.0,5389.0,23723.0,1.1102230246251565e-16,206.93651170686496,35278.0
