InputGenerationTime,0.20110055200348143
ProfilingTime,13.542114044998016
SimulationTime,411.578347693001
FramaCExecutionTime,72.20949230200495
TotalExecutionTime,30459.576102922998
