InputGenerationTime,0.03640592400188325
ProfilingTime,15.409659015000216
SimulationTime,386.9118955199956
FramaCExecutionTime,56.20750910700008
TotalExecutionTime,19037.040956424004
