InputGenerationTime,0.2001025308854878
ProfilingTime,13.226904019946232
SimulationTime,1140.2747168838978
FramaCExecutionTime,72.35005585709587
TotalExecutionTime,46817.650504280115
