InputGenerationTime,0.02902100095525384
ProfilingTime,13.101713504991494
SimulationTime,352.5721541129751
FramaCExecutionTime,51.85899773600977
TotalExecutionTime,10854.431200634921
