InputGenerationTime,0.03224507300183177
ProfilingTime,12.78235026798211
SimulationTime,373.3262855960056
FramaCExecutionTime,52.54110222007148
TotalExecutionTime,25998.26997073402
