InputGenerationTime,0.03396001807413995
ProfilingTime,14.652938778977841
SimulationTime,402.82600486814044
FramaCExecutionTime,72.2428532531485
TotalExecutionTime,14860.391294674948
