InputGenerationTime,0.03727585298474878
ProfilingTime,13.217044971010182
SimulationTime,306.33936887801974
FramaCExecutionTime,70.72863440299989
TotalExecutionTime,20807.73798520799
