InputGenerationTime,0.03640592400188325
ProfilingTime,15.083621564997884
SimulationTime,338.07774577999953
FramaCExecutionTime,56.20750910700008
TotalExecutionTime,20698.568137119
