InputGenerationTime,0.0343282570829615
ProfilingTime,20.633985796011984
SimulationTime,7686.567198609933
FramaCExecutionTime,59.03087134310044
TotalExecutionTime,62367.98259904701
