InputGenerationTime,0.05145477596670389
ProfilingTime,17.257319936004933
SimulationTime,829.9839542720001
FramaCExecutionTime,72.40063306299271
TotalExecutionTime,1869.6862475349917
