InputGenerationTime,0.03167619800660759
ProfilingTime,13.162295515998267
SimulationTime,284.5540475970047
FramaCExecutionTime,50.21064497900079
TotalExecutionTime,4841.021322129003
