InputGenerationTime,0.03640592400188325
ProfilingTime,15.171619163003925
SimulationTime,342.12208962300065
FramaCExecutionTime,56.20750910700008
TotalExecutionTime,25235.385019360998
