InputGenerationTime,0.03879245417192578
ProfilingTime,13.5688805882819
SimulationTime,397.16610131412745
FramaCExecutionTime,52.20132521400228
TotalExecutionTime,16884.33350531198
