InputGenerationTime,0.03241898992564529
ProfilingTime,15.115602012025192
SimulationTime,329.6805543130031
FramaCExecutionTime,52.655185214011
TotalExecutionTime,32835.32807470905
