InputGenerationTime,0.02062018308788538
ProfilingTime,18.713263485813513
SimulationTime,5829.826984690968
FramaCExecutionTime,74.76620333688334
TotalExecutionTime,64587.90741640818
