InputGenerationTime,0.35287134000100195
ProfilingTime,13.355063799070194
SimulationTime,396.67976618697867
FramaCExecutionTime,64.23335787199903
TotalExecutionTime,2109.731175140012
