InputGenerationTime,0.2931191989919171
ProfilingTime,18.598960857954808
SimulationTime,454.77289878600277
FramaCExecutionTime,85.73839048703667
TotalExecutionTime,16017.041848770925
