InputGenerationTime,0.03744248510338366
ProfilingTime,12.807182150892913
SimulationTime,1762.1869186949916
FramaCExecutionTime,51.43124194908887
TotalExecutionTime,81990.50893545104
