InputGenerationTime,0.0306800160324201
ProfilingTime,15.4308032480767
SimulationTime,370.86544861400034
FramaCExecutionTime,53.57198854407761
TotalExecutionTime,24409.615834344062
