InputGenerationTime,0.2001025308854878
ProfilingTime,14.4299775371328
SimulationTime,141.99148854077794
FramaCExecutionTime,72.35005585709587
TotalExecutionTime,59549.08131356398
