InputGenerationTime,0.3229370079934597
ProfilingTime,13.179417516104877
SimulationTime,1486.1950414730236
FramaCExecutionTime,98.88148539885879
TotalExecutionTime,43165.3045686658
