InputGenerationTime,0.02826332999393344
ProfilingTime,15.394030162016861
SimulationTime,368.44650897802785
FramaCExecutionTime,53.42625823803246
TotalExecutionTime,17903.902420307975
