InputGenerationTime,0.2001025308854878
ProfilingTime,13.922470265068114
SimulationTime,1405.1359050590545
FramaCExecutionTime,72.35005585709587
TotalExecutionTime,48236.895017091185
