InputGenerationTime,0.0306800160324201
ProfilingTime,15.174493914935738
SimulationTime,374.5704205149086
FramaCExecutionTime,53.57198854407761
TotalExecutionTime,23294.48581501306
