InputGenerationTime,0.2001025308854878
ProfilingTime,13.239832747960463
SimulationTime,1190.9779235320166
FramaCExecutionTime,72.35005585709587
TotalExecutionTime,37417.45755571802
