InputGenerationTime,0.40044495195616037
ProfilingTime,12.724418281926773
SimulationTime,364.72913010197226
FramaCExecutionTime,98.99218700896017
TotalExecutionTime,28021.614333680947
