InputGenerationTime,0.04121544701047242
ProfilingTime,24.33620928786695
SimulationTime,10308.470374732045
FramaCExecutionTime,62.65450613386929
TotalExecutionTime,624809.253669941
