InputGenerationTime,0.2001025308854878
ProfilingTime,12.978793218033388
SimulationTime,1036.2724186650012
FramaCExecutionTime,72.35005585709587
TotalExecutionTime,49286.345443254104
