InputGenerationTime,0.03640592400188325
ProfilingTime,15.6421241930002
SimulationTime,337.8259863860003
FramaCExecutionTime,56.20750910700008
TotalExecutionTime,22741.443561327003
