InputGenerationTime,0.03396001807413995
ProfilingTime,13.42966572009027
SimulationTime,309.5149082818534
FramaCExecutionTime,72.2428532531485
TotalExecutionTime,13662.265839802101
