ID_VAL,DSP,BRAM,Flip_Flop,Area,min_Slack,Max_Freq,Clock_Cycles
values_0,12.0,32.0,8373.0,32503.0,1.1102230246251565e-16,206.93651170686496,26142.0
values_3,12.0,32.0,8373.0,32503.0,1.1102230246251565e-16,206.93651170686496,26142.0
values_1,12.0,32.0,8373.0,32503.0,1.1102230246251565e-16,206.93651170686496,26156.0
values_2,12.0,32.0,8373.0,32503.0,1.1102230246251565e-16,206.93651170686496,26149.0
values_4,12.0,32.0,8373.0,32503.0,1.1102230246251565e-16,206.93651170686496,26142.0
