InputGenerationTime,0.3175034479936585
ProfilingTime,13.923462389037013
SimulationTime,424.5236996450694
FramaCExecutionTime,91.41251835902222
TotalExecutionTime,23930.85898043192
