InputGenerationTime,0.03331928001716733
ProfilingTime,12.909915662137792
SimulationTime,1798.5867003591266
FramaCExecutionTime,51.08595712692477
TotalExecutionTime,41402.36669151904
