InputGenerationTime,0.03048163499624934
ProfilingTime,13.388151020000805
SimulationTime,274.02187915399554
FramaCExecutionTime,50.17232942400733
TotalExecutionTime,9888.187996341003
