InputGenerationTime,0.03396001807413995
ProfilingTime,15.090442362008616
SimulationTime,428.2736837200355
FramaCExecutionTime,72.2428532531485
TotalExecutionTime,12896.058743559988
