InputGenerationTime,0.03879245417192578
ProfilingTime,13.423360941000283
SimulationTime,398.44240080099553
FramaCExecutionTime,52.20132521400228
TotalExecutionTime,14028.906852298882
