InputGenerationTime,0.0306800160324201
ProfilingTime,15.05327114101965
SimulationTime,368.8776240609586
FramaCExecutionTime,53.57198854407761
TotalExecutionTime,21742.62671902706
