InputGenerationTime,0.4129942967556417
ProfilingTime,13.216410272289068
SimulationTime,1719.6773762069643
FramaCExecutionTime,101.09984872210771
TotalExecutionTime,79781.41538292705
