InputGenerationTime,0.03396001807413995
ProfilingTime,12.955024512950331
SimulationTime,363.1520199009683
FramaCExecutionTime,72.2428532531485
TotalExecutionTime,10026.826752087101
