InputGenerationTime,0.03727585298474878
ProfilingTime,14.078822800976923
SimulationTime,368.0612595799903
FramaCExecutionTime,70.72863440299989
TotalExecutionTime,22342.311681802996
