InputGenerationTime,0.18930521099537145
ProfilingTime,13.475996483000927
SimulationTime,393.80730329400103
FramaCExecutionTime,71.4799096650022
TotalExecutionTime,24137.091650762
