InputGenerationTime,0.04121544701047242
ProfilingTime,20.52843485097401
SimulationTime,9371.235837381799
FramaCExecutionTime,62.65450613386929
TotalExecutionTime,652961.598703636
