InputGenerationTime,0.2001025308854878
ProfilingTime,13.882321662968025
SimulationTime,1406.2630269720685
FramaCExecutionTime,72.35005585709587
TotalExecutionTime,45663.94605090609
