InputGenerationTime,0.03366867080330849
ProfilingTime,15.291933718137443
SimulationTime,500.41755977924913
FramaCExecutionTime,53.57426840160042
TotalExecutionTime,17562.60891233431
