InputGenerationTime,0.02170638699317351
ProfilingTime,15.6996886190027
SimulationTime,753.6099105100147
FramaCExecutionTime,73.29194818297401
TotalExecutionTime,90865.21910954895
