InputGenerationTime,0.02826332999393344
ProfilingTime,14.940324299037457
SimulationTime,350.56311386008747
FramaCExecutionTime,53.42625823803246
TotalExecutionTime,11368.308391924016
