InputGenerationTime,0.03331928001716733
ProfilingTime,13.222382853040472
SimulationTime,1741.3571728691459
FramaCExecutionTime,51.08595712692477
TotalExecutionTime,11210.179904070916
