InputGenerationTime,0.0306800160324201
ProfilingTime,15.253251218004152
SimulationTime,355.79469013004564
FramaCExecutionTime,53.57198854407761
TotalExecutionTime,27099.736333479057
