InputGenerationTime,0.0197660019621253
ProfilingTime,13.40518181596417
SimulationTime,268.8443175419234
FramaCExecutionTime,48.88955827394966
TotalExecutionTime,9898.752528290031
