InputGenerationTime,0.05050157301593572
ProfilingTime,12.546331163001014
SimulationTime,294.21333012499963
FramaCExecutionTime,70.46303340801387
TotalExecutionTime,377.27648322400637
