InputGenerationTime,0.03396001807413995
ProfilingTime,15.357208361150697
SimulationTime,429.31098929187283
FramaCExecutionTime,72.2428532531485
TotalExecutionTime,11626.248816705076
