InputGenerationTime,0.04073149900068529
ProfilingTime,12.454977573001088
SimulationTime,285.33536415599883
FramaCExecutionTime,50.308639496997785
TotalExecutionTime,27137.510180896
