InputGenerationTime,0.03178182400006335
ProfilingTime,14.977208382999379
SimulationTime,358.72193911499926
FramaCExecutionTime,55.633369332001166
TotalExecutionTime,9641.66714343
