InputGenerationTime,0.03396001807413995
ProfilingTime,13.184837326873094
SimulationTime,363.1017780781258
FramaCExecutionTime,72.2428532531485
TotalExecutionTime,9650.560281776125
