InputGenerationTime,0.03640592400188325
ProfilingTime,15.271082810002554
SimulationTime,336.83758623399626
FramaCExecutionTime,56.20750910700008
TotalExecutionTime,21714.921212358997
