InputGenerationTime,0.35287134000100195
ProfilingTime,12.522340171970427
SimulationTime,309.753989944933
FramaCExecutionTime,64.23335787199903
TotalExecutionTime,1361.897408930934
