InputGenerationTime,0.03331928001716733
ProfilingTime,13.380118989152834
SimulationTime,1745.0726689598523
FramaCExecutionTime,51.08595712692477
TotalExecutionTime,23697.680937696947
