InputGenerationTime,0.03702901297947392
ProfilingTime,14.09484597799019
SimulationTime,331.90348691598047
FramaCExecutionTime,71.29270682900096
TotalExecutionTime,30601.206537363003
