InputGenerationTime,0.0197660019621253
ProfilingTime,13.120969953015447
SimulationTime,283.51628660399
FramaCExecutionTime,48.88955827394966
TotalExecutionTime,9319.114174989983
