InputGenerationTime,0.04822540900204331
ProfilingTime,12.474339662992861
SimulationTime,242.5423291430052
FramaCExecutionTime,68.62747044400021
TotalExecutionTime,1331.5429483289918
