InputGenerationTime,0.0343282570829615
ProfilingTime,19.000531942001544
SimulationTime,7556.450292084948
FramaCExecutionTime,59.03087134310044
TotalExecutionTime,180955.622318196
