InputGenerationTime,0.3229370079934597
ProfilingTime,13.783026021905243
SimulationTime,2032.7418535249308
FramaCExecutionTime,98.88148539885879
TotalExecutionTime,20134.134529748
