InputGenerationTime,0.03331928001716733
ProfilingTime,13.159009165130556
SimulationTime,1929.2494256889913
FramaCExecutionTime,51.08595712692477
TotalExecutionTime,5883.864119963953
