InputGenerationTime,0.35287134000100195
ProfilingTime,12.604220189969055
SimulationTime,331.71103065798525
FramaCExecutionTime,64.23335787199903
TotalExecutionTime,724.4292215280002
