InputGenerationTime,0.02062018308788538
ProfilingTime,17.548905733972788
SimulationTime,3203.171479872195
FramaCExecutionTime,74.76620333688334
TotalExecutionTime,55501.568759697024
