InputGenerationTime,0.20110055200348143
ProfilingTime,12.626632604995393
SimulationTime,305.87486507299764
FramaCExecutionTime,72.20949230200495
TotalExecutionTime,26929.875491098
