InputGenerationTime,0.03178182400006335
ProfilingTime,15.235717184004898
SimulationTime,297.39163107900094
FramaCExecutionTime,55.633369332001166
TotalExecutionTime,18265.678175266003
