InputGenerationTime,0.03241898992564529
ProfilingTime,13.947160715935752
SimulationTime,326.5436027490068
FramaCExecutionTime,52.655185214011
TotalExecutionTime,36251.688453853014
