InputGenerationTime,0.35287134000100195
ProfilingTime,13.139033760060556
SimulationTime,396.325429546996
FramaCExecutionTime,64.23335787199903
TotalExecutionTime,7593.9131931579905
