InputGenerationTime,0.03879245417192578
ProfilingTime,13.546160462778062
SimulationTime,398.40713143721223
FramaCExecutionTime,52.20132521400228
TotalExecutionTime,17706.74410037091
