InputGenerationTime,0.02062018308788538
ProfilingTime,17.644023017026484
SimulationTime,3213.346589360852
FramaCExecutionTime,74.76620333688334
TotalExecutionTime,48770.739076428115
