InputGenerationTime,0.2931191989919171
ProfilingTime,12.79372116504237
SimulationTime,323.9840746320551
FramaCExecutionTime,85.73839048703667
TotalExecutionTime,10416.658220578916
