InputGenerationTime,0.03396001807413995
ProfilingTime,13.147463890025392
SimulationTime,322.21073418995366
FramaCExecutionTime,72.2428532531485
TotalExecutionTime,17295.884838443948
