InputGenerationTime,0.35287134000100195
ProfilingTime,13.58013930101879
SimulationTime,397.04107175092213
FramaCExecutionTime,64.23335787199903
TotalExecutionTime,5943.00518777594
