InputGenerationTime,0.02170638699317351
ProfilingTime,18.320036653080024
SimulationTime,1650.1750080030179
FramaCExecutionTime,73.29194818297401
TotalExecutionTime,121675.62700995803
