InputGenerationTime,0.05050157301593572
ProfilingTime,14.489843771007145
SimulationTime,371.95989765500417
FramaCExecutionTime,70.46303340801387
TotalExecutionTime,6770.065047331998
