InputGenerationTime,0.20110055200348143
ProfilingTime,12.585607317996619
SimulationTime,311.72558444899914
FramaCExecutionTime,72.20949230200495
TotalExecutionTime,25958.965777124
