InputGenerationTime,0.0306800160324201
ProfilingTime,15.398233384010382
SimulationTime,371.4017983939266
FramaCExecutionTime,53.57198854407761
TotalExecutionTime,26343.286002092063
