InputGenerationTime,0.02902100095525384
ProfilingTime,13.281614912906662
SimulationTime,348.9316660190234
FramaCExecutionTime,51.85899773600977
TotalExecutionTime,16715.45294264902
