InputGenerationTime,0.03178182400006335
ProfilingTime,15.425799133998225
SimulationTime,367.15779908299737
FramaCExecutionTime,55.633369332001166
TotalExecutionTime,17545.903232423
