InputGenerationTime,0.04822540900204331
ProfilingTime,12.437132435996318
SimulationTime,238.38014396499784
FramaCExecutionTime,68.62747044400021
TotalExecutionTime,2842.2861933019885
