InputGenerationTime,0.03879245417192578
ProfilingTime,13.391229537315667
SimulationTime,396.8480481118895
FramaCExecutionTime,52.20132521400228
TotalExecutionTime,16065.092679264955
