InputGenerationTime,0.4129942967556417
ProfilingTime,13.869891529902816
SimulationTime,1793.3773383181542
FramaCExecutionTime,101.09984872210771
TotalExecutionTime,81588.85721722408
