InputGenerationTime,0.13662187196314335
ProfilingTime,13.11729347705841
SimulationTime,1233.4951994500589
FramaCExecutionTime,68.18601442896761
TotalExecutionTime,2561.0707459230907
