InputGenerationTime,0.03727585298474878
ProfilingTime,14.064180974004557
SimulationTime,367.8435117030167
FramaCExecutionTime,70.72863440299989
TotalExecutionTime,19791.079547878006
