InputGenerationTime,0.02062018308788538
ProfilingTime,18.01289880182594
SimulationTime,5178.450184051879
FramaCExecutionTime,74.76620333688334
TotalExecutionTime,23179.681625275174
