InputGenerationTime,0.13662187196314335
ProfilingTime,13.332389124901965
SimulationTime,1279.9168642759323
FramaCExecutionTime,68.18601442896761
TotalExecutionTime,30189.014839267125
