InputGenerationTime,0.1754399259989441
ProfilingTime,12.542170469001576
SimulationTime,310.8572051429983
FramaCExecutionTime,57.4605167180016
TotalExecutionTime,1031.8107179580002
