InputGenerationTime,0.2931191989919171
ProfilingTime,13.504507848061621
SimulationTime,449.37695295503363
FramaCExecutionTime,85.73839048703667
TotalExecutionTime,10879.714721124968
