InputGenerationTime,0.3229370079934597
ProfilingTime,14.170637406874448
SimulationTime,2036.3542742219288
FramaCExecutionTime,98.88148539885879
TotalExecutionTime,18087.42669204087
