InputGenerationTime,0.4129942967556417
ProfilingTime,13.650228866841644
SimulationTime,1801.0196374170482
FramaCExecutionTime,101.09984872210771
TotalExecutionTime,78048.32536433567
