InputGenerationTime,0.04121544701047242
ProfilingTime,20.014941391069442
SimulationTime,9373.277222114848
FramaCExecutionTime,62.65450613386929
TotalExecutionTime,662355.1928466171
