InputGenerationTime,0.05145477596670389
ProfilingTime,61.2467570239678
SimulationTime,735.5646521300077
FramaCExecutionTime,72.40063306299271
TotalExecutionTime,10733.407809751981
