InputGenerationTime,0.2931191989919171
ProfilingTime,12.608042696956545
SimulationTime,301.7994576069759
FramaCExecutionTime,85.73839048703667
TotalExecutionTime,13355.278042395017
