InputGenerationTime,0.40044495195616037
ProfilingTime,13.947977066971362
SimulationTime,387.60994387895335
FramaCExecutionTime,98.99218700896017
TotalExecutionTime,34840.578959206
