InputGenerationTime,0.18930521099537145
ProfilingTime,13.365166670999315
SimulationTime,393.53459933200065
FramaCExecutionTime,71.4799096650022
TotalExecutionTime,22507.4085039
