InputGenerationTime,0.0343282570829615
ProfilingTime,19.810789773007855
SimulationTime,7686.088251846959
FramaCExecutionTime,59.03087134310044
TotalExecutionTime,7764.967544539948
