InputGenerationTime,0.02062018308788538
ProfilingTime,16.942913023987785
SimulationTime,3234.68350825808
FramaCExecutionTime,74.76620333688334
TotalExecutionTime,32929.64936130121
