InputGenerationTime,0.40044495195616037
ProfilingTime,12.396310942946002
SimulationTime,306.84422329906374
FramaCExecutionTime,98.99218700896017
TotalExecutionTime,27643.989147868007
