InputGenerationTime,0.13662187196314335
ProfilingTime,12.776434649014845
SimulationTime,1108.0477280579507
FramaCExecutionTime,68.18601442896761
TotalExecutionTime,31458.469739638036
