InputGenerationTime,0.03241898992564529
ProfilingTime,14.742021647980437
SimulationTime,369.341397327953
FramaCExecutionTime,52.655185214011
TotalExecutionTime,28264.569684733986
