InputGenerationTime,0.4129942967556417
ProfilingTime,13.964651552960277
SimulationTime,1802.867985919118
FramaCExecutionTime,101.09984872210771
TotalExecutionTime,72590.12928288174
