InputGenerationTime,0.02293862495571375
ProfilingTime,12.912396064959466
SimulationTime,576.3241604301147
FramaCExecutionTime,70.69595004594885
TotalExecutionTime,27677.900940961204
