InputGenerationTime,0.03366867080330849
ProfilingTime,14.905915268696845
SimulationTime,503.3251285459846
FramaCExecutionTime,53.57426840160042
TotalExecutionTime,12496.970111525152
