InputGenerationTime,0.02902100095525384
ProfilingTime,12.788184112985618
SimulationTime,372.1886894881027
FramaCExecutionTime,51.85899773600977
TotalExecutionTime,9738.865138159948
