InputGenerationTime,0.40044495195616037
ProfilingTime,14.071053678984754
SimulationTime,390.57559469901025
FramaCExecutionTime,98.99218700896017
TotalExecutionTime,32811.938323296024
