InputGenerationTime,0.2931191989919171
ProfilingTime,12.957484736922197
SimulationTime,333.58192118501756
FramaCExecutionTime,85.73839048703667
TotalExecutionTime,17295.67939148296
