InputGenerationTime,0.3229370079934597
ProfilingTime,13.432405572151765
SimulationTime,1615.6371502338443
FramaCExecutionTime,98.88148539885879
TotalExecutionTime,21763.385743624996
