InputGenerationTime,0.0197660019621253
ProfilingTime,13.456576033029705
SimulationTime,268.03314847301226
FramaCExecutionTime,48.88955827394966
TotalExecutionTime,13856.697820106056
