InputGenerationTime,0.04822540900204331
ProfilingTime,12.553761343006045
SimulationTime,239.93089091598813
FramaCExecutionTime,68.62747044400021
TotalExecutionTime,4122.52052342899
