InputGenerationTime,0.05050157301593572
ProfilingTime,13.200564956001472
SimulationTime,289.70556031999877
FramaCExecutionTime,70.46303340801387
TotalExecutionTime,4827.933477932005
