InputGenerationTime,0.02170638699317351
ProfilingTime,15.620849646045826
SimulationTime,732.2312565820757
FramaCExecutionTime,73.29194818297401
TotalExecutionTime,87947.863795324
