InputGenerationTime,0.03640592400188325
ProfilingTime,15.529934211001091
SimulationTime,311.32317421199696
FramaCExecutionTime,56.20750910700008
TotalExecutionTime,25562.399361989003
