InputGenerationTime,0.03640592400188325
ProfilingTime,15.161228175005817
SimulationTime,304.50866007700097
FramaCExecutionTime,56.20750910700008
TotalExecutionTime,22387.817357293003
