InputGenerationTime,0.03702901297947392
ProfilingTime,13.29102982999757
SimulationTime,277.2025714479969
FramaCExecutionTime,71.29270682900096
TotalExecutionTime,28526.759888492
