InputGenerationTime,0.04121544701047242
ProfilingTime,21.880521649029106
SimulationTime,10278.727751369122
FramaCExecutionTime,62.65450613386929
TotalExecutionTime,700749.017720474
