InputGenerationTime,0.05145477596670389
ProfilingTime,16.77073539205594
SimulationTime,692.276632744004
FramaCExecutionTime,72.40063306299271
TotalExecutionTime,12149.682136861025
