InputGenerationTime,0.03241898992564529
ProfilingTime,15.580320616951212
SimulationTime,369.8446580970194
FramaCExecutionTime,52.655185214011
TotalExecutionTime,32490.34882117901
