InputGenerationTime,0.03331928001716733
ProfilingTime,13.395819564117119
SimulationTime,1744.9158207040746
FramaCExecutionTime,51.08595712692477
TotalExecutionTime,20181.79927753005
