InputGenerationTime,0.2931191989919171
ProfilingTime,12.79726370004937
SimulationTime,297.942816341063
FramaCExecutionTime,85.73839048703667
TotalExecutionTime,11653.546123335953
