InputGenerationTime,0.40044495195616037
ProfilingTime,13.489405518979765
SimulationTime,388.5163219360402
FramaCExecutionTime,98.99218700896017
TotalExecutionTime,30939.89891812799
