InputGenerationTime,0.03224507300183177
ProfilingTime,13.122317540924996
SimulationTime,355.8086164089618
FramaCExecutionTime,52.54110222007148
TotalExecutionTime,32325.74515323993
