InputGenerationTime,0.3229370079934597
ProfilingTime,14.243891771882772
SimulationTime,2037.8141441249754
FramaCExecutionTime,98.88148539885879
TotalExecutionTime,23815.642656962853
