InputGenerationTime,0.05145477596670389
ProfilingTime,16.958971596963238
SimulationTime,299.14489040797343
FramaCExecutionTime,72.40063306299271
TotalExecutionTime,1022.2754371759947
