InputGenerationTime,0.0306800160324201
ProfilingTime,15.2341455220012
SimulationTime,369.61419229593594
FramaCExecutionTime,53.57198854407761
TotalExecutionTime,26728.313974922057
