InputGenerationTime,0.03702901297947392
ProfilingTime,14.500036679994082
SimulationTime,330.640758123016
FramaCExecutionTime,71.29270682900096
TotalExecutionTime,27262.691351062997
