InputGenerationTime,0.13662187196314335
ProfilingTime,12.994202309986576
SimulationTime,1232.9463008961175
FramaCExecutionTime,68.18601442896761
TotalExecutionTime,1314.2667150320485
