InputGenerationTime,0.19351184699917212
ProfilingTime,12.692419256003632
SimulationTime,278.1374161959975
FramaCExecutionTime,72.9316449120015
TotalExecutionTime,13599.865051023
