InputGenerationTime,0.03366867080330849
ProfilingTime,15.919794186018407
SimulationTime,488.49216720601544
FramaCExecutionTime,53.57426840160042
TotalExecutionTime,16545.147529375274
