InputGenerationTime,0.03048163499624934
ProfilingTime,13.091226723001455
SimulationTime,268.41971635300433
FramaCExecutionTime,50.17232942400733
TotalExecutionTime,10456.798826771002
