InputGenerationTime,0.03241898992564529
ProfilingTime,15.808169085066766
SimulationTime,370.13124895095825
FramaCExecutionTime,52.655185214011
TotalExecutionTime,31715.14405252901
