InputGenerationTime,0.2931191989919171
ProfilingTime,12.589883814915083
SimulationTime,377.81387997604907
FramaCExecutionTime,85.73839048703667
TotalExecutionTime,9439.281722776941
