InputGenerationTime,0.2001025308854878
ProfilingTime,13.936909676063806
SimulationTime,1407.0133417539764
FramaCExecutionTime,72.35005585709587
TotalExecutionTime,53548.02129646111
