InputGenerationTime,0.0197660019621253
ProfilingTime,13.443430513027124
SimulationTime,267.6501305020647
FramaCExecutionTime,48.88955827394966
TotalExecutionTime,10180.014790342073
