InputGenerationTime,0.02062018308788538
ProfilingTime,17.034284746972844
SimulationTime,3233.0020298268646
FramaCExecutionTime,74.76620333688334
TotalExecutionTime,14731.668738068081
