InputGenerationTime,0.13662187196314335
ProfilingTime,13.05174438492395
SimulationTime,1111.869576341007
FramaCExecutionTime,68.18601442896761
TotalExecutionTime,19167.35596303013
