InputGenerationTime,0.3229370079934597
ProfilingTime,13.951040610903874
SimulationTime,2036.939316228032
FramaCExecutionTime,98.88148539885879
TotalExecutionTime,27616.16668980592
