InputGenerationTime,0.03727585298474878
ProfilingTime,13.674773278005887
SimulationTime,301.5887463490071
FramaCExecutionTime,70.72863440299989
TotalExecutionTime,20106.50160618199
