InputGenerationTime,0.20110055200348143
ProfilingTime,13.90993035500287
SimulationTime,410.5462969529981
FramaCExecutionTime,72.20949230200495
TotalExecutionTime,32450.323492063
