InputGenerationTime,0.0306800160324201
ProfilingTime,15.745077127008699
SimulationTime,371.9193037189543
FramaCExecutionTime,53.57198854407761
TotalExecutionTime,20970.09805386106
