InputGenerationTime,0.40044495195616037
ProfilingTime,12.706890759058297
SimulationTime,339.35442144202534
FramaCExecutionTime,98.99218700896017
TotalExecutionTime,35192.81595547998
