InputGenerationTime,0.40044495195616037
ProfilingTime,14.117660881951451
SimulationTime,387.7167656450765
FramaCExecutionTime,98.99218700896017
TotalExecutionTime,35594.829741898924
