InputGenerationTime,0.20110055200348143
ProfilingTime,12.923730734000856
SimulationTime,325.46199402899947
FramaCExecutionTime,72.20949230200495
TotalExecutionTime,33638.335669355
