InputGenerationTime,0.20110055200348143
ProfilingTime,13.919807742997364
SimulationTime,410.7540086029985
FramaCExecutionTime,72.20949230200495
TotalExecutionTime,31601.086046436998
