InputGenerationTime,0.03396001807413995
ProfilingTime,14.672414073953405
SimulationTime,428.7612075977959
FramaCExecutionTime,72.2428532531485
TotalExecutionTime,11181.416832185118
