InputGenerationTime,0.0343282570829615
ProfilingTime,21.543317037052475
SimulationTime,7692.574840574991
FramaCExecutionTime,59.03087134310044
TotalExecutionTime,108671.111240222
