InputGenerationTime,0.03744248510338366
ProfilingTime,13.247012482956052
SimulationTime,1718.9831249639392
FramaCExecutionTime,51.43124194908887
TotalExecutionTime,80215.3183961499
