InputGenerationTime,0.03640592400188325
ProfilingTime,14.72663275100058
SimulationTime,301.14188337999803
FramaCExecutionTime,56.20750910700008
TotalExecutionTime,26237.157998551003
