InputGenerationTime,0.13662187196314335
ProfilingTime,14.300969135947526
SimulationTime,134.09551184810698
FramaCExecutionTime,68.18601442896761
TotalExecutionTime,30337.599915222963
