InputGenerationTime,0.04121544701047242
ProfilingTime,19.066993007902056
SimulationTime,9351.542649408104
FramaCExecutionTime,62.65450613386929
TotalExecutionTime,634180.1829521201
