InputGenerationTime,0.03331928001716733
ProfilingTime,13.295733048114926
SimulationTime,1743.754466660088
FramaCExecutionTime,51.08595712692477
TotalExecutionTime,30731.247512425063
