InputGenerationTime,0.03744248510338366
ProfilingTime,13.305574947968125
SimulationTime,1723.4946191229392
FramaCExecutionTime,51.43124194908887
TotalExecutionTime,73206.4694732409
