InputGenerationTime,0.02902100095525384
ProfilingTime,13.227566029992886
SimulationTime,353.3517639260972
FramaCExecutionTime,51.85899773600977
TotalExecutionTime,15271.259411646985
