InputGenerationTime,0.03879245417192578
ProfilingTime,13.01953074010089
SimulationTime,452.32032411778346
FramaCExecutionTime,52.20132521400228
TotalExecutionTime,13206.820904311724
