InputGenerationTime,0.2931191989919171
ProfilingTime,13.270477223908529
SimulationTime,455.70376144896727
FramaCExecutionTime,85.73839048703667
TotalExecutionTime,16948.971174650942
