InputGenerationTime,0.03167619800660759
ProfilingTime,13.146353895994253
SimulationTime,283.6979621149949
FramaCExecutionTime,50.21064497900079
TotalExecutionTime,3065.216654762
