InputGenerationTime,0.02826332999393344
ProfilingTime,15.39144053903874
SimulationTime,369.04973792796955
FramaCExecutionTime,53.42625823803246
TotalExecutionTime,11752.937223552028
