InputGenerationTime,0.02062018308788538
ProfilingTime,17.56604723702185
SimulationTime,1489.1296547111124
FramaCExecutionTime,74.76620333688334
TotalExecutionTime,4456.094893871108
