InputGenerationTime,0.03727585298474878
ProfilingTime,12.430527547985548
SimulationTime,254.95200893399306
FramaCExecutionTime,70.72863440299989
TotalExecutionTime,24059.341766509984
