InputGenerationTime,0.3175034479936585
ProfilingTime,12.618765386054292
SimulationTime,332.3801587689668
FramaCExecutionTime,91.41251835902222
TotalExecutionTime,23492.22903614794
