InputGenerationTime,0.02062018308788538
ProfilingTime,17.12962942896411
SimulationTime,3229.3721006428823
FramaCExecutionTime,74.76620333688334
TotalExecutionTime,29677.807050709147
