InputGenerationTime,0.03048163499624934
ProfilingTime,13.264576731002307
SimulationTime,274.6159126509883
FramaCExecutionTime,50.17232942400733
TotalExecutionTime,11608.396115085998
