InputGenerationTime,0.1754399259989441
ProfilingTime,13.976392053999007
SimulationTime,395.8897235620025
FramaCExecutionTime,57.4605167180016
TotalExecutionTime,5894.673282930002
