InputGenerationTime,0.04121544701047242
ProfilingTime,19.983991097891703
SimulationTime,9357.654309777077
FramaCExecutionTime,62.65450613386929
TotalExecutionTime,681066.181561373
