InputGenerationTime,0.04121544701047242
ProfilingTime,19.6533793839626
SimulationTime,9313.115486045135
FramaCExecutionTime,62.65450613386929
TotalExecutionTime,671688.255348913
