InputGenerationTime,0.19351184699917212
ProfilingTime,12.386878081997565
SimulationTime,277.72677827799635
FramaCExecutionTime,72.9316449120015
TotalExecutionTime,17024.569485442997
