InputGenerationTime,0.02170638699317351
ProfilingTime,16.910315093002282
SimulationTime,578.4380222380278
FramaCExecutionTime,73.29194818297401
TotalExecutionTime,71238.481529565
