InputGenerationTime,0.02293862495571375
ProfilingTime,12.754706694977358
SimulationTime,859.800268749008
FramaCExecutionTime,70.69595004594885
TotalExecutionTime,30107.933452246012
