InputGenerationTime,0.03167619800660759
ProfilingTime,13.274500764993718
SimulationTime,284.3890456480003
FramaCExecutionTime,50.21064497900079
TotalExecutionTime,5733.8105816000025
