InputGenerationTime,0.3175034479936585
ProfilingTime,12.478540671989322
SimulationTime,308.3173660628963
FramaCExecutionTime,91.41251835902222
TotalExecutionTime,18468.787094399915
