InputGenerationTime,0.03048163499624934
ProfilingTime,13.129918279999401
SimulationTime,274.17415735799295
FramaCExecutionTime,50.17232942400733
TotalExecutionTime,11032.010602837996
