InputGenerationTime,0.03167619800660759
ProfilingTime,13.292297787993448
SimulationTime,284.5243293710082
FramaCExecutionTime,50.21064497900079
TotalExecutionTime,4543.1467396149965
