InputGenerationTime,0.4129942967556417
ProfilingTime,13.025522453710437
SimulationTime,1587.2777050831355
FramaCExecutionTime,101.09984872210771
TotalExecutionTime,44867.327383777825
