InputGenerationTime,0.02170638699317351
ProfilingTime,16.883793879998848
SimulationTime,2124.9275697770063
FramaCExecutionTime,73.29194818297401
TotalExecutionTime,85059.26630052796
