InputGenerationTime,0.04121544701047242
ProfilingTime,18.583458724897355
SimulationTime,9352.952361250063
FramaCExecutionTime,62.65450613386929
TotalExecutionTime,577024.0569546301
