InputGenerationTime,0.02293862495571375
ProfilingTime,12.809988893801346
SimulationTime,575.3223100700416
FramaCExecutionTime,70.69595004594885
TotalExecutionTime,33641.63228763803
