InputGenerationTime,0.0306800160324201
ProfilingTime,15.411014137906022
SimulationTime,370.6164218649501
FramaCExecutionTime,53.57198854407761
TotalExecutionTime,23680.694877487025
