InputGenerationTime,0.0343282570829615
ProfilingTime,21.19579038093798
SimulationTime,7665.295255513047
FramaCExecutionTime,59.03087134310044
TotalExecutionTime,93218.37582809699
