InputGenerationTime,0.05145477596670389
ProfilingTime,16.894065820029937
SimulationTime,710.3063330260338
FramaCExecutionTime,72.40063306299271
TotalExecutionTime,9227.041498230014
