InputGenerationTime,0.03396001807413995
ProfilingTime,13.676787665812299
SimulationTime,319.7688261400908
FramaCExecutionTime,72.2428532531485
TotalExecutionTime,10737.813506800914
