InputGenerationTime,0.03241898992564529
ProfilingTime,15.465802815975621
SimulationTime,369.4070253490936
FramaCExecutionTime,52.655185214011
TotalExecutionTime,34377.90112235304
