InputGenerationTime,0.2931191989919171
ProfilingTime,13.586450011003762
SimulationTime,450.1430048039183
FramaCExecutionTime,85.73839048703667
TotalExecutionTime,12578.71486844297
