InputGenerationTime,0.19351184699917212
ProfilingTime,13.580696050004917
SimulationTime,389.24802943100076
FramaCExecutionTime,72.9316449120015
TotalExecutionTime,15614.691988585
