InputGenerationTime,0.2931191989919171
ProfilingTime,12.491510099032894
SimulationTime,303.57483781897463
FramaCExecutionTime,85.73839048703667
TotalExecutionTime,9755.549720452982
