InputGenerationTime,0.19351184699917212
ProfilingTime,12.840553522997652
SimulationTime,310.55905937100033
FramaCExecutionTime,72.9316449120015
TotalExecutionTime,8945.157260537002
