InputGenerationTime,0.04073149900068529
ProfilingTime,12.96726156600198
SimulationTime,286.4331878339981
FramaCExecutionTime,50.308639496997785
TotalExecutionTime,26252.481947418
