InputGenerationTime,0.40044495195616037
ProfilingTime,12.311601888970472
SimulationTime,287.79938713193405
FramaCExecutionTime,98.99218700896017
TotalExecutionTime,35895.12273457402
