InputGenerationTime,0.0197660019621253
ProfilingTime,13.425636581028812
SimulationTime,282.80612825101707
FramaCExecutionTime,48.88955827394966
TotalExecutionTime,10758.384447598015
