InputGenerationTime,0.03879245417192578
ProfilingTime,13.364520044997334
SimulationTime,395.8395537128672
FramaCExecutionTime,52.20132521400228
TotalExecutionTime,12741.311070650816
