InputGenerationTime,0.0306800160324201
ProfilingTime,15.352110201027244
SimulationTime,370.3816890519811
FramaCExecutionTime,53.57198854407761
TotalExecutionTime,25569.363083159085
