InputGenerationTime,0.04121544701047242
ProfilingTime,19.927047174889594
SimulationTime,9361.695189994993
FramaCExecutionTime,62.65450613386929
TotalExecutionTime,690448.1035709049
