InputGenerationTime,0.4129942967556417
ProfilingTime,13.044139698613435
SimulationTime,1583.8940878333524
FramaCExecutionTime,101.09984872210771
TotalExecutionTime,49664.23093588068
