InputGenerationTime,0.19351184699917212
ProfilingTime,13.634102094998525
SimulationTime,388.80968459100404
FramaCExecutionTime,72.9316449120015
TotalExecutionTime,14002.501064757998
