InputGenerationTime,0.02902100095525384
ProfilingTime,13.201931994059123
SimulationTime,353.42088241898455
FramaCExecutionTime,51.85899773600977
TotalExecutionTime,12343.056915545953
