InputGenerationTime,0.0197660019621253
ProfilingTime,13.416352645959705
SimulationTime,268.91561390296556
FramaCExecutionTime,48.88955827394966
TotalExecutionTime,14420.632343681064
