InputGenerationTime,0.02826332999393344
ProfilingTime,15.435701098991558
SimulationTime,371.61280895303935
FramaCExecutionTime,53.42625823803246
TotalExecutionTime,16744.424970690045
