InputGenerationTime,0.40044495195616037
ProfilingTime,12.900592340971343
SimulationTime,330.74048608599696
FramaCExecutionTime,98.99218700896017
TotalExecutionTime,32407.114230499952
