InputGenerationTime,0.03744248510338366
ProfilingTime,13.271891648881137
SimulationTime,1725.802079214016
FramaCExecutionTime,51.43124194908887
TotalExecutionTime,50526.78645751788
