InputGenerationTime,0.19351184699917212
ProfilingTime,12.831692523999664
SimulationTime,310.2086764589985
FramaCExecutionTime,72.9316449120015
TotalExecutionTime,9268.387220026001
