InputGenerationTime,0.13662187196314335
ProfilingTime,12.906217247014865
SimulationTime,1230.7349821620155
FramaCExecutionTime,68.18601442896761
TotalExecutionTime,3804.9052371559665
