InputGenerationTime,0.40044495195616037
ProfilingTime,13.54169770795852
SimulationTime,389.96514753601514
FramaCExecutionTime,98.99218700896017
TotalExecutionTime,29820.702256544027
