InputGenerationTime,0.03178182400006335
ProfilingTime,15.212137007998535
SimulationTime,391.2741565760007
FramaCExecutionTime,55.633369332001166
TotalExecutionTime,11575.995842446999
