InputGenerationTime,0.13662187196314335
ProfilingTime,13.289527054876089
SimulationTime,1285.9774444978684
FramaCExecutionTime,68.18601442896761
TotalExecutionTime,6327.694526833016
