InputGenerationTime,0.4129942967556417
ProfilingTime,13.243361867964268
SimulationTime,1714.3357266429812
FramaCExecutionTime,101.09984872210771
TotalExecutionTime,51392.000308518065
