InputGenerationTime,0.02826332999393344
ProfilingTime,15.323808684013784
SimulationTime,370.5125537819695
FramaCExecutionTime,53.42625823803246
TotalExecutionTime,14070.631754034082
