InputGenerationTime,0.3175034479936585
ProfilingTime,13.951442847028375
SimulationTime,424.0769579469925
FramaCExecutionTime,91.41251835902222
TotalExecutionTime,25696.422381475917
