InputGenerationTime,0.04073149900068529
ProfilingTime,12.925296512003115
SimulationTime,285.8489441689999
FramaCExecutionTime,50.308639496997785
TotalExecutionTime,26839.555397198998
