InputGenerationTime,0.05050157301593572
ProfilingTime,12.692022672999883
SimulationTime,295.3300328880141
FramaCExecutionTime,70.46303340801387
TotalExecutionTime,1300.645279896009
