InputGenerationTime,0.4129942967556417
ProfilingTime,13.121158888097852
SimulationTime,1591.147948182188
FramaCExecutionTime,101.09984872210771
TotalExecutionTime,63645.74871426285
