InputGenerationTime,0.3229370079934597
ProfilingTime,13.943769572302699
SimulationTime,2032.9764930731617
FramaCExecutionTime,98.88148539885879
TotalExecutionTime,37868.204735669075
