InputGenerationTime,0.02062018308788538
ProfilingTime,17.384255913086236
SimulationTime,3219.608558926964
FramaCExecutionTime,74.76620333688334
TotalExecutionTime,45539.53445246001
