InputGenerationTime,0.03396001807413995
ProfilingTime,15.156139431986958
SimulationTime,403.0628770310432
FramaCExecutionTime,72.2428532531485
TotalExecutionTime,15700.71901626396
