InputGenerationTime,0.03702901297947392
ProfilingTime,14.278861761995358
SimulationTime,330.93404889598605
FramaCExecutionTime,71.29270682900096
TotalExecutionTime,30255.051750276994
