InputGenerationTime,0.35287134000100195
ProfilingTime,12.630248081986792
SimulationTime,299.8676001470303
FramaCExecutionTime,64.23335787199903
TotalExecutionTime,4373.936318109976
