InputGenerationTime,0.04822540900204331
ProfilingTime,12.464699710006244
SimulationTime,239.46434487799706
FramaCExecutionTime,68.62747044400021
TotalExecutionTime,4374.607547955995
