InputGenerationTime,0.03224507300183177
ProfilingTime,13.866838107001968
SimulationTime,356.36262216605246
FramaCExecutionTime,52.54110222007148
TotalExecutionTime,31956.646480215946
