InputGenerationTime,0.04121544701047242
ProfilingTime,20.250367667991668
SimulationTime,9354.063837083057
FramaCExecutionTime,62.65450613386929
TotalExecutionTime,751298.102270885
