InputGenerationTime,0.20110055200348143
ProfilingTime,12.840276741000707
SimulationTime,305.42624778499885
FramaCExecutionTime,72.20949230200495
TotalExecutionTime,30034.257407603
