InputGenerationTime,0.0306800160324201
ProfilingTime,15.652664358029142
SimulationTime,371.6007956479443
FramaCExecutionTime,53.57198854407761
TotalExecutionTime,20582.24555124098
