InputGenerationTime,0.18930521099537145
ProfilingTime,12.485238972993102
SimulationTime,313.32125704600185
FramaCExecutionTime,71.4799096650022
TotalExecutionTime,18069.256715620002
