InputGenerationTime,0.19351184699917212
ProfilingTime,12.868879729001492
SimulationTime,302.00921333899896
FramaCExecutionTime,72.9316449120015
TotalExecutionTime,11378.964105583
