InputGenerationTime,0.03366867080330849
ProfilingTime,15.177051153033972
SimulationTime,467.85482218069956
FramaCExecutionTime,53.57426840160042
TotalExecutionTime,22511.362903929316
