InputGenerationTime,0.03331928001716733
ProfilingTime,13.431095750071108
SimulationTime,1743.961093599908
FramaCExecutionTime,51.08595712692477
TotalExecutionTime,28974.00264674402
