InputGenerationTime,0.2001025308854878
ProfilingTime,13.881856862921268
SimulationTime,1406.2479587791022
FramaCExecutionTime,72.35005585709587
TotalExecutionTime,50706.667779461015
