InputGenerationTime,0.02902100095525384
ProfilingTime,13.357832801993936
SimulationTime,353.507670460036
FramaCExecutionTime,51.85899773600977
TotalExecutionTime,14536.181232661009
