InputGenerationTime,0.03744248510338366
ProfilingTime,13.183356140041724
SimulationTime,1833.5646278159693
FramaCExecutionTime,51.43124194908887
TotalExecutionTime,45144.84072201303
