InputGenerationTime,0.03366867080330849
ProfilingTime,15.845750902313739
SimulationTime,487.4793547652662
FramaCExecutionTime,53.57426840160042
TotalExecutionTime,14514.93068208918
