InputGenerationTime,0.3175034479936585
ProfilingTime,13.17808135098312
SimulationTime,424.2817965230206
FramaCExecutionTime,91.41251835902222
TotalExecutionTime,20322.980236138916
