InputGenerationTime,0.02826332999393344
ProfilingTime,15.830560431000777
SimulationTime,370.8352589820279
FramaCExecutionTime,53.42625823803246
TotalExecutionTime,12139.782555387006
