InputGenerationTime,0.04822540900204331
ProfilingTime,12.520253451002645
SimulationTime,239.13563686401176
FramaCExecutionTime,68.62747044400021
TotalExecutionTime,3352.091548047989
