InputGenerationTime,0.03178182400006335
ProfilingTime,16.08556976699765
SimulationTime,379.2181251539987
FramaCExecutionTime,55.633369332001166
TotalExecutionTime,10037.175192634
