InputGenerationTime,0.04822540900204331
ProfilingTime,12.317646693001734
SimulationTime,239.49109437699371
FramaCExecutionTime,68.62747044400021
TotalExecutionTime,3869.874716401988
