InputGenerationTime,0.35287134000100195
ProfilingTime,13.31177412008401
SimulationTime,396.8702076841146
FramaCExecutionTime,64.23335787199903
TotalExecutionTime,3651.7807540139183
