InputGenerationTime,0.35287134000100195
ProfilingTime,12.666380840004422
SimulationTime,296.4606505020056
FramaCExecutionTime,64.23335787199903
TotalExecutionTime,2830.38765545201
