InputGenerationTime,0.05145477596670389
ProfilingTime,16.94182643701788
SimulationTime,692.227672663983
FramaCExecutionTime,72.40063306299271
TotalExecutionTime,9936.39873822499
