InputGenerationTime,0.0197660019621253
ProfilingTime,13.483868608018383
SimulationTime,267.86700819199905
FramaCExecutionTime,48.88955827394966
TotalExecutionTime,13293.09272998001
