InputGenerationTime,0.03640592400188325
ProfilingTime,15.418855879004695
SimulationTime,360.91208670100605
FramaCExecutionTime,56.20750910700008
TotalExecutionTime,24517.821043279997
