InputGenerationTime,0.03241898992564529
ProfilingTime,14.97239509690553
SimulationTime,369.6587960269535
FramaCExecutionTime,52.655185214011
TotalExecutionTime,28649.38928956201
