InputGenerationTime,0.13662187196314335
ProfilingTime,13.804147274931893
SimulationTime,1532.8653173460625
FramaCExecutionTime,68.18601442896761
TotalExecutionTime,15268.699555021012
