InputGenerationTime,0.3229370079934597
ProfilingTime,13.34439834789373
SimulationTime,1597.2294807031285
FramaCExecutionTime,98.88148539885879
TotalExecutionTime,4930.822574991966
