InputGenerationTime,0.2931191989919171
ProfilingTime,13.568402181961574
SimulationTime,449.32097922009416
FramaCExecutionTime,85.73839048703667
TotalExecutionTime,15543.486708097975
