InputGenerationTime,0.03366867080330849
ProfilingTime,15.663280989043415
SimulationTime,488.7512690797448
FramaCExecutionTime,53.57426840160042
TotalExecutionTime,21024.08923819894
