InputGenerationTime,0.04121544701047242
ProfilingTime,23.919245888944715
SimulationTime,10228.428483318072
FramaCExecutionTime,62.65450613386929
TotalExecutionTime,711001.6422551529
