InputGenerationTime,0.02902100095525384
ProfilingTime,13.249534050934017
SimulationTime,354.4498574939789
FramaCExecutionTime,51.85899773600977
TotalExecutionTime,12710.923261494027
