InputGenerationTime,0.02293862495571375
ProfilingTime,12.74465633300133
SimulationTime,576.3155684859958
FramaCExecutionTime,70.69595004594885
TotalExecutionTime,30697.16061231913
