InputGenerationTime,0.03366867080330849
ProfilingTime,15.183870177716017
SimulationTime,487.30444122478366
FramaCExecutionTime,53.57426840160042
TotalExecutionTime,20519.488236522302
