InputGenerationTime,0.0306800160324201
ProfilingTime,16.256979295052588
SimulationTime,371.9740846020868
FramaCExecutionTime,53.57198854407761
TotalExecutionTime,21358.513251228025
