InputGenerationTime,0.03048163499624934
ProfilingTime,13.326539806002984
SimulationTime,274.5218420339952
FramaCExecutionTime,50.17232942400733
TotalExecutionTime,12761.945633212992
