InputGenerationTime,0.03224507300183177
ProfilingTime,13.160251126042567
SimulationTime,355.2950780770043
FramaCExecutionTime,52.54110222007148
TotalExecutionTime,30498.893453044002
