InputGenerationTime,0.05050157301593572
ProfilingTime,14.239256477012532
SimulationTime,371.4315917750064
FramaCExecutionTime,70.46303340801387
TotalExecutionTime,5213.759090785985
