InputGenerationTime,0.03640592400188325
ProfilingTime,16.17017299700092
SimulationTime,338.66146161500365
FramaCExecutionTime,56.20750910700008
TotalExecutionTime,20345.245808711
