InputGenerationTime,0.04822540900204331
ProfilingTime,12.277039206004702
SimulationTime,239.26946778099227
FramaCExecutionTime,68.62747044400021
TotalExecutionTime,5129.255810578994
