InputGenerationTime,0.04121544701047242
ProfilingTime,18.480446214787662
SimulationTime,9354.355790751986
FramaCExecutionTime,62.65450613386929
TotalExecutionTime,586397.188896811
