InputGenerationTime,0.20110055200348143
ProfilingTime,12.817791262001265
SimulationTime,311.2407380990044
FramaCExecutionTime,72.20949230200495
TotalExecutionTime,26283.21827387
