InputGenerationTime,0.13662187196314335
ProfilingTime,13.158437607809901
SimulationTime,1214.015375912888
FramaCExecutionTime,68.18601442896761
TotalExecutionTime,10643.524547429057
