InputGenerationTime,0.04121544701047242
ProfilingTime,20.528190078912303
SimulationTime,9369.563345958013
FramaCExecutionTime,62.65450613386929
TotalExecutionTime,614476.161327145
