InputGenerationTime,0.4129942967556417
ProfilingTime,13.400435940362513
SimulationTime,1798.5313426032662
FramaCExecutionTime,101.09984872210771
TotalExecutionTime,68957.5601333261
