InputGenerationTime,0.02902100095525384
ProfilingTime,13.179330192971975
SimulationTime,334.8229812120553
FramaCExecutionTime,51.85899773600977
TotalExecutionTime,16353.072393339942
