InputGenerationTime,0.3175034479936585
ProfilingTime,12.698561624973081
SimulationTime,332.3401799069252
FramaCExecutionTime,91.41251835902222
TotalExecutionTime,19885.352710232022
