InputGenerationTime,0.0343282570829615
ProfilingTime,24.116459037992172
SimulationTime,8225.09202332003
FramaCExecutionTime,59.03087134310044
TotalExecutionTime,149794.06511151802
