InputGenerationTime,0.35287134000100195
ProfilingTime,13.084659828920849
SimulationTime,396.2276220259955
FramaCExecutionTime,64.23335787199903
TotalExecutionTime,4061.264788107015
