InputGenerationTime,0.13662187196314335
ProfilingTime,14.04690017690882
SimulationTime,1531.3382945901249
FramaCExecutionTime,68.18601442896761
TotalExecutionTime,20712.970819519134
