InputGenerationTime,0.2001025308854878
ProfilingTime,12.928124665981159
SimulationTime,1146.438378956169
FramaCExecutionTime,72.35005585709587
TotalExecutionTime,36213.04095513816
