InputGenerationTime,0.03178182400006335
ProfilingTime,15.616726772997936
SimulationTime,367.57034810399637
FramaCExecutionTime,55.633369332001166
TotalExecutionTime,14720.450106484
