InputGenerationTime,0.13662187196314335
ProfilingTime,13.294298382010311
SimulationTime,1209.8402624800801
FramaCExecutionTime,68.18601442896761
TotalExecutionTime,5028.232591264183
