InputGenerationTime,0.03224507300183177
ProfilingTime,13.076268926030025
SimulationTime,375.78644639404956
FramaCExecutionTime,52.54110222007148
TotalExecutionTime,28654.25202334195
