InputGenerationTime,0.03048163499624934
ProfilingTime,12.82853335600521
SimulationTime,283.60831137999776
FramaCExecutionTime,50.17232942400733
TotalExecutionTime,7266.223256583995
