InputGenerationTime,0.03331928001716733
ProfilingTime,13.208117564907297
SimulationTime,1742.6429661791772
FramaCExecutionTime,51.08595712692477
TotalExecutionTime,9455.399866580032
