InputGenerationTime,0.02293862495571375
ProfilingTime,13.007650681072846
SimulationTime,575.4910605601035
FramaCExecutionTime,70.69595004594885
TotalExecutionTime,32465.0269556602
