InputGenerationTime,0.03702901297947392
ProfilingTime,13.06052096298663
SimulationTime,271.3940219729848
FramaCExecutionTime,71.29270682900096
TotalExecutionTime,27891.459421443986
