InputGenerationTime,0.03241898992564529
ProfilingTime,16.164357039961033
SimulationTime,368.7119904271094
FramaCExecutionTime,52.655185214011
TotalExecutionTime,29786.522209758055
