InputGenerationTime,0.03178182400006335
ProfilingTime,15.37250024700188
SimulationTime,385.7958686439961
FramaCExecutionTime,55.633369332001166
TotalExecutionTime,14337.096651811997
