InputGenerationTime,0.03879245417192578
ProfilingTime,13.265207276213914
SimulationTime,396.64078398095444
FramaCExecutionTime,52.20132521400228
TotalExecutionTime,18116.824275472667
