InputGenerationTime,0.0343282570829615
ProfilingTime,19.752139684045687
SimulationTime,7631.5884907438885
FramaCExecutionTime,59.03087134310044
TotalExecutionTime,30829.64442779799
