InputGenerationTime,0.02062018308788538
ProfilingTime,17.475104813929647
SimulationTime,1492.1282677359413
FramaCExecutionTime,74.76620333688334
TotalExecutionTime,1584.3933594811242
