InputGenerationTime,0.02293862495571375
ProfilingTime,12.808057533111423
SimulationTime,576.0348430459853
FramaCExecutionTime,70.69595004594885
TotalExecutionTime,31286.176885064226
