InputGenerationTime,0.2001025308854878
ProfilingTime,14.417362347012386
SimulationTime,1782.118031470105
FramaCExecutionTime,72.35005585709587
TotalExecutionTime,55344.755656817
