InputGenerationTime,0.3229370079934597
ProfilingTime,13.216249353950843
SimulationTime,1597.9142067460343
FramaCExecutionTime,98.88148539885879
TotalExecutionTime,1710.3382794498466
