InputGenerationTime,0.18930521099537145
ProfilingTime,13.862891462995321
SimulationTime,377.41323326800193
FramaCExecutionTime,71.4799096650022
TotalExecutionTime,25272.262550795997
