InputGenerationTime,0.03167619800660759
ProfilingTime,13.232558930001687
SimulationTime,273.91579707599885
FramaCExecutionTime,50.21064497900079
TotalExecutionTime,3650.249342258001
