InputGenerationTime,0.05050157301593572
ProfilingTime,13.730547012994066
SimulationTime,371.0693342220038
FramaCExecutionTime,70.46303340801387
TotalExecutionTime,4524.863247075002
