InputGenerationTime,0.02170638699317351
ProfilingTime,15.903120408009272
SimulationTime,820.5546664849971
FramaCExecutionTime,73.29194818297401
TotalExecutionTime,74951.279522506
