InputGenerationTime,0.03167619800660759
ProfilingTime,13.31827272499504
SimulationTime,284.6621076279989
FramaCExecutionTime,50.21064497900079
TotalExecutionTime,2163.4305314359954
