InputGenerationTime,0.03178182400006335
ProfilingTime,15.468627737001952
SimulationTime,385.9775681360006
FramaCExecutionTime,55.633369332001166
TotalExecutionTime,13560.292054211
