InputGenerationTime,0.03727585298474878
ProfilingTime,14.152334913000232
SimulationTime,368.26405169800273
FramaCExecutionTime,70.72863440299989
TotalExecutionTime,23106.83269251499
