InputGenerationTime,0.02293862495571375
ProfilingTime,12.88705736096017
SimulationTime,926.8075772381853
FramaCExecutionTime,70.69595004594885
TotalExecutionTime,25900.877734874142
