InputGenerationTime,0.19351184699917212
ProfilingTime,13.787152586999582
SimulationTime,389.3656959810032
FramaCExecutionTime,72.9316449120015
TotalExecutionTime,14809.373339377998
