InputGenerationTime,0.19351184699917212
ProfilingTime,13.645377191998705
SimulationTime,388.8411060639992
FramaCExecutionTime,72.9316449120015
TotalExecutionTime,10660.573218678
