InputGenerationTime,0.02293862495571375
ProfilingTime,12.743902625981718
SimulationTime,954.9668881660327
FramaCExecutionTime,70.69595004594885
TotalExecutionTime,28645.781306066085
