InputGenerationTime,0.05145477596670389
ProfilingTime,15.882822313986253
SimulationTime,317.9918502960354
FramaCExecutionTime,72.40063306299271
TotalExecutionTime,6765.868780830002
