InputGenerationTime,0.05145477596670389
ProfilingTime,17.560952579020523
SimulationTime,738.2727811859804
FramaCExecutionTime,72.40063306299271
TotalExecutionTime,4357.923649440985
