InputGenerationTime,0.0306800160324201
ProfilingTime,15.004927671980113
SimulationTime,349.94042897596955
FramaCExecutionTime,53.57198854407761
TotalExecutionTime,20194.808085585013
