InputGenerationTime,0.3175034479936585
ProfilingTime,12.741389722912572
SimulationTime,302.9985025100177
FramaCExecutionTime,91.41251835902222
TotalExecutionTime,21076.969643660937
