InputGenerationTime,0.02170638699317351
ProfilingTime,17.21678909205366
SimulationTime,1539.226284290955
FramaCExecutionTime,73.29194818297401
TotalExecutionTime,80791.97180204897
