InputGenerationTime,0.1754399259989441
ProfilingTime,13.376734577999741
SimulationTime,375.73391551599343
FramaCExecutionTime,57.4605167180016
TotalExecutionTime,8261.275345215
