InputGenerationTime,0.03727585298474878
ProfilingTime,12.61645246099215
SimulationTime,291.28301343598287
FramaCExecutionTime,70.72863440299989
TotalExecutionTime,17251.196822091006
