InputGenerationTime,0.03727585298474878
ProfilingTime,14.0038013580197
SimulationTime,367.3696149419993
FramaCExecutionTime,70.72863440299989
TotalExecutionTime,20488.029312973988
