InputGenerationTime,0.40044495195616037
ProfilingTime,13.906454493990168
SimulationTime,395.22609864291735
FramaCExecutionTime,98.99218700896017
TotalExecutionTime,34438.839066847926
