InputGenerationTime,0.0197660019621253
ProfilingTime,13.50102287705522
SimulationTime,267.6775825229706
FramaCExecutionTime,48.88955827394966
TotalExecutionTime,13011.575598084019
