InputGenerationTime,0.03224507300183177
ProfilingTime,13.192831664928235
SimulationTime,355.56250219396316
FramaCExecutionTime,52.54110222007148
TotalExecutionTime,33063.31435012899
