InputGenerationTime,0.04822540900204331
ProfilingTime,12.221421268011909
SimulationTime,239.26231609600654
FramaCExecutionTime,68.62747044400021
TotalExecutionTime,4877.54943612199
