InputGenerationTime,0.20110055200348143
ProfilingTime,12.581954355999187
SimulationTime,315.19073301099706
FramaCExecutionTime,72.20949230200495
TotalExecutionTime,26611.179196402
