InputGenerationTime,0.05050157301593572
ProfilingTime,14.34321025799727
SimulationTime,371.68373477100977
FramaCExecutionTime,70.46303340801387
TotalExecutionTime,1988.7925822319812
