InputGenerationTime,0.03744248510338366
ProfilingTime,13.350413687992841
SimulationTime,1826.920991837047
FramaCExecutionTime,51.43124194908887
TotalExecutionTime,55842.29695507488
