InputGenerationTime,0.03640592400188325
ProfilingTime,15.396929754999292
SimulationTime,337.5035106039941
FramaCExecutionTime,56.20750910700008
TotalExecutionTime,22067.985719484997
