InputGenerationTime,0.18930521099537145
ProfilingTime,13.473103710995929
SimulationTime,393.85232389999874
FramaCExecutionTime,71.4799096650022
TotalExecutionTime,19138.3348921
