InputGenerationTime,0.20110055200348143
ProfilingTime,12.898968517001776
SimulationTime,331.0125225180018
FramaCExecutionTime,72.20949230200495
TotalExecutionTime,27273.983420475
