InputGenerationTime,0.03727585298474878
ProfilingTime,14.396623073000228
SimulationTime,366.85922440199647
FramaCExecutionTime,70.72863440299989
TotalExecutionTime,17950.528626790998
