InputGenerationTime,0.03241898992564529
ProfilingTime,16.232822624966502
SimulationTime,369.87159083003644
FramaCExecutionTime,52.655185214011
TotalExecutionTime,35150.22385277506
