InputGenerationTime,0.03048163499624934
ProfilingTime,12.853843963996042
SimulationTime,283.7583686459984
FramaCExecutionTime,50.17232942400733
TotalExecutionTime,7859.541468016003
