InputGenerationTime,0.03727585298474878
ProfilingTime,13.198679902998265
SimulationTime,304.56850394100184
FramaCExecutionTime,70.72863440299989
TotalExecutionTime,17569.116822888987
