InputGenerationTime,0.03879245417192578
ProfilingTime,13.352846952155232
SimulationTime,391.6399969821796
FramaCExecutionTime,52.20132521400228
TotalExecutionTime,18911.769102534745
