InputGenerationTime,0.0306800160324201
ProfilingTime,15.457983635016717
SimulationTime,371.30436182103585
FramaCExecutionTime,53.57198854407761
TotalExecutionTime,25956.30344509799
