InputGenerationTime,0.03640592400188325
ProfilingTime,14.997722526997677
SimulationTime,298.21213310400344
FramaCExecutionTime,56.20750910700008
TotalExecutionTime,19350.433327972
