InputGenerationTime,0.02062018308788538
ProfilingTime,16.615435645915568
SimulationTime,1388.8620380109642
FramaCExecutionTime,74.76620333688334
TotalExecutionTime,34335.34051496303
