InputGenerationTime,0.03167619800660759
ProfilingTime,13.047748894998222
SimulationTime,284.129891160992
FramaCExecutionTime,50.21064497900079
TotalExecutionTime,6328.122080870991
