InputGenerationTime,0.13662187196314335
ProfilingTime,14.155896702082828
SimulationTime,1529.7010882010218
FramaCExecutionTime,68.18601442896761
TotalExecutionTime,22257.019460981013
