InputGenerationTime,0.19351184699917212
ProfilingTime,13.52723197600426
SimulationTime,388.6036285470036
FramaCExecutionTime,72.9316449120015
TotalExecutionTime,16017.012774875002
