InputGenerationTime,0.03744248510338366
ProfilingTime,13.38048149086535
SimulationTime,1725.9835981698707
FramaCExecutionTime,51.43124194908887
TotalExecutionTime,64536.23057588586
