InputGenerationTime,0.03224507300183177
ProfilingTime,13.30533355800435
SimulationTime,355.0857457820093
FramaCExecutionTime,52.54110222007148
TotalExecutionTime,29392.804975018953
