InputGenerationTime,0.02826332999393344
ProfilingTime,15.504655734985135
SimulationTime,371.6191746389959
FramaCExecutionTime,53.42625823803246
TotalExecutionTime,14850.977721194038
