InputGenerationTime,0.03702901297947392
ProfilingTime,14.098937522998312
SimulationTime,329.7348975370114
FramaCExecutionTime,71.29270682900096
TotalExecutionTime,28870.745441576
