InputGenerationTime,0.35287134000100195
ProfilingTime,13.173180923913606
SimulationTime,396.6602818660904
FramaCExecutionTime,64.23335787199903
TotalExecutionTime,5532.21662403096
