InputGenerationTime,0.02062018308788538
ProfilingTime,17.281731640920043
SimulationTime,3220.0924833409954
FramaCExecutionTime,74.76620333688334
TotalExecutionTime,58739.15966381016
