InputGenerationTime,0.0197660019621253
ProfilingTime,13.334998600999825
SimulationTime,268.4372116160812
FramaCExecutionTime,48.88955827394966
TotalExecutionTime,11886.399589635083
