InputGenerationTime,0.1754399259989441
ProfilingTime,13.963097216001188
SimulationTime,395.05453422000573
FramaCExecutionTime,57.4605167180016
TotalExecutionTime,6712.842020448996
