InputGenerationTime,0.03702901297947392
ProfilingTime,14.509089831990423
SimulationTime,333.50191267498303
FramaCExecutionTime,71.29270682900096
TotalExecutionTime,29218.909334972006
